name,label,system_id,ccp_type
CCP_138573658_SRC,Water system 1 – Source,138573658,source
CCP_138573658_DST,Water system 1 – Distribution point,138573658,distribution
CCP_138573659_SRC,Water system 2 – Source,138573659,source
CCP_138573659_DST,Water system 2 – Distribution point,138573659,distribution
CCP_138573660_SRC,Water system 3 – Source,138573660,source
CCP_138573660_DST,Water system 3 – Distribution point,138573660,distribution
CCP_138573661_SRC,Water system 4 – Source,138573661,source
CCP_138573661_DST,Water system 4 – Distribution point,138573661,distribution
CCP_138573662_SRC,Water system 5 – Source,138573662,source
CCP_138573662_DST,Water system 5 – Distribution point,138573662,distribution
CCP_138573663_SRC,Water system 6 – Source,138573663,source
CCP_138573663_DST,Water system 6 – Distribution point,138573663,distribution
CCP_138573664_SRC,Water system 7 – Source,138573664,source
CCP_138573664_DST,Water system 7 – Distribution point,138573664,distribution
CCP_138573665_SRC,Water system 8 – Source,138573665,source
CCP_138573665_DST,Water system 8 – Distribution point,138573665,distribution
CCP_138573666_SRC,Water system 9 – Source,138573666,source
CCP_138573666_DST,Water system 9 – Distribution point,138573666,distribution
CCP_138573667_SRC,Water system 10 – Source,138573667,source
CCP_138573667_DST,Water system 10 – Distribution point,138573667,distribution
CCP_138573668_SRC,Water system 11 – Source,138573668,source
CCP_138573668_DST,Water system 11 – Distribution point,138573668,distribution
CCP_138573669_SRC,Water system 12 – Source,138573669,source
CCP_138573669_DST,Water system 12 – Distribution point,138573669,distribution
CCP_138573670_SRC,Water system 13 – Source,138573670,source
CCP_138573670_DST,Water system 13 – Distribution point,138573670,distribution
CCP_138573671_SRC,Water system 14 – Source,138573671,source
CCP_138573671_DST,Water system 14 – Distribution point,138573671,distribution
CCP_138573672_SRC,Water system 15 – Source,138573672,source
CCP_138573672_DST,Water system 15 – Distribution point,138573672,distribution
CCP_138573673_SRC,Water system 16 – Source,138573673,source
CCP_138573673_DST,Water system 16 – Distribution point,138573673,distribution
CCP_138573674_SRC,Water system 17 – Source,138573674,source
CCP_138573674_DST,Water system 17 – Distribution point,138573674,distribution
CCP_138573675_SRC,Water system 18 – Source,138573675,source
CCP_138573675_DST,Water system 18 – Distribution point,138573675,distribution
CCP_138573676_SRC,Water system 19 – Source,138573676,source
CCP_138573676_DST,Water system 19 – Distribution point,138573676,distribution
CCP_138573677_SRC,Water system 20 – Source,138573677,source
CCP_138573677_DST,Water system 20 – Distribution point,138573677,distribution
CCP_138573678_SRC,Water system 21 – Source,138573678,source
CCP_138573678_DST,Water system 21 – Distribution point,138573678,distribution
CCP_138573679_SRC,Water system 22 – Source,138573679,source
CCP_138573679_DST,Water system 22 – Distribution point,138573679,distribution
CCP_138573680_SRC,Water system 23 – Source,138573680,source
CCP_138573680_DST,Water system 23 – Distribution point,138573680,distribution
CCP_138573681_SRC,Water system 24 – Source,138573681,source
CCP_138573681_DST,Water system 24 – Distribution point,138573681,distribution
CCP_138573682_SRC,Water system 25 – Source,138573682,source
CCP_138573682_DST,Water system 25 – Distribution point,138573682,distribution
CCP_138573683_SRC,Water system 26 – Source,138573683,source
CCP_138573683_DST,Water system 26 – Distribution point,138573683,distribution
CCP_138573684_SRC,Water system 27 – Source,138573684,source
CCP_138573684_DST,Water system 27 – Distribution point,138573684,distribution
CCP_138573685_SRC,Water system 28 – Source,138573685,source
CCP_138573685_DST,Water system 28 – Distribution point,138573685,distribution
CCP_138573686_SRC,Water system 29 – Source,138573686,source
CCP_138573686_DST,Water system 29 – Distribution point,138573686,distribution
CCP_138573687_SRC,Water system 30 – Source,138573687,source
CCP_138573687_DST,Water system 30 – Distribution point,138573687,distribution
CCP_138573688_SRC,Water system 31 – Source,138573688,source
CCP_138573688_DST,Water system 31 – Distribution point,138573688,distribution
CCP_138573689_SRC,Water system 32 – Source,138573689,source
CCP_138573689_DST,Water system 32 – Distribution point,138573689,distribution
CCP_138573690_SRC,Water system 33 – Source,138573690,source
CCP_138573690_DST,Water system 33 – Distribution point,138573690,distribution
CCP_138573691_SRC,Water system 34 – Source,138573691,source
CCP_138573691_DST,Water system 34 – Distribution point,138573691,distribution
CCP_138573692_SRC,Water system 35 – Source,138573692,source
CCP_138573692_DST,Water system 35 – Distribution point,138573692,distribution
CCP_138573693_SRC,Water system 36 – Source,138573693,source
CCP_138573693_DST,Water system 36 – Distribution point,138573693,distribution
CCP_138573694_SRC,Water system 37 – Source,138573694,source
CCP_138573694_DST,Water system 37 – Distribution point,138573694,distribution
CCP_138573695_SRC,Water system 38 – Source,138573695,source
CCP_138573695_DST,Water system 38 – Distribution point,138573695,distribution
CCP_138573696_SRC,Water system 39 – Source,138573696,source
CCP_138573696_DST,Water system 39 – Distribution point,138573696,distribution
CCP_138573697_SRC,Water system 40 – Source,138573697,source
CCP_138573697_DST,Water system 40 – Distribution point,138573697,distribution
CCP_138573698_SRC,Water system 41 – Source,138573698,source
CCP_138573698_DST,Water system 41 – Distribution point,138573698,distribution
CCP_138573699_SRC,Water system 42 – Source,138573699,source
CCP_138573699_DST,Water system 42 – Distribution point,138573699,distribution
CCP_138573700_SRC,Water system 43 – Source,138573700,source
CCP_138573700_DST,Water system 43 – Distribution point,138573700,distribution
CCP_138573701_SRC,Water system 44 – Source,138573701,source
CCP_138573701_DST,Water system 44 – Distribution point,138573701,distribution
CCP_138573702_SRC,Water system 45 – Source,138573702,source
CCP_138573702_DST,Water system 45 – Distribution point,138573702,distribution
CCP_138573703_SRC,Water system 46 – Source,138573703,source
CCP_138573703_DST,Water system 46 – Distribution point,138573703,distribution
CCP_138573704_SRC,Water system 47 – Source,138573704,source
CCP_138573704_DST,Water system 47 – Distribution point,138573704,distribution
CCP_138573705_SRC,Water system 48 – Source,138573705,source
CCP_138573705_DST,Water system 48 – Distribution point,138573705,distribution
CCP_138573706_SRC,Water system 49 – Source,138573706,source
CCP_138573706_DST,Water system 49 – Distribution point,138573706,distribution
CCP_138573707_SRC,Water system 50 – Source,138573707,source
CCP_138573707_DST,Water system 50 – Distribution point,138573707,distribution
CCP_138573708_SRC,Water system 51 – Source,138573708,source
CCP_138573708_DST,Water system 51 – Distribution point,138573708,distribution
CCP_138573709_SRC,Water system 52 – Source,138573709,source
CCP_138573709_DST,Water system 52 – Distribution point,138573709,distribution
CCP_138573710_SRC,Water system 53 – Source,138573710,source
CCP_138573710_DST,Water system 53 – Distribution point,138573710,distribution
CCP_138573711_SRC,Water system 54 – Source,138573711,source
CCP_138573711_DST,Water system 54 – Distribution point,138573711,distribution
CCP_138573712_SRC,Water system 55 – Source,138573712,source
CCP_138573712_DST,Water system 55 – Distribution point,138573712,distribution
CCP_138573713_SRC,Water system 56 – Source,138573713,source
CCP_138573713_DST,Water system 56 – Distribution point,138573713,distribution
CCP_138573714_SRC,Water system 57 – Source,138573714,source
CCP_138573714_DST,Water system 57 – Distribution point,138573714,distribution
CCP_138573715_SRC,Water system 58 – Source,138573715,source
CCP_138573715_DST,Water system 58 – Distribution point,138573715,distribution
CCP_138573716_SRC,Water system 59 – Source,138573716,source
CCP_138573716_DST,Water system 59 – Distribution point,138573716,distribution
CCP_138573717_SRC,Water system 60 – Source,138573717,source
CCP_138573717_DST,Water system 60 – Distribution point,138573717,distribution
CCP_138573718_SRC,Water system 61 – Source,138573718,source
CCP_138573718_DST,Water system 61 – Distribution point,138573718,distribution
CCP_138573719_SRC,Water system 62 – Source,138573719,source
CCP_138573719_DST,Water system 62 – Distribution point,138573719,distribution
CCP_138573720_SRC,Water system 63 – Source,138573720,source
CCP_138573720_DST,Water system 63 – Distribution point,138573720,distribution
CCP_138573721_SRC,Water system 64 – Source,138573721,source
CCP_138573721_DST,Water system 64 – Distribution point,138573721,distribution
CCP_138573722_SRC,Water system 65 – Source,138573722,source
CCP_138573722_DST,Water system 65 – Distribution point,138573722,distribution
CCP_138573723_SRC,Water system 66 – Source,138573723,source
CCP_138573723_DST,Water system 66 – Distribution point,138573723,distribution
CCP_138573724_SRC,Water system 67 – Source,138573724,source
CCP_138573724_DST,Water system 67 – Distribution point,138573724,distribution
CCP_138573725_SRC,Water system 68 – Source,138573725,source
CCP_138573725_DST,Water system 68 – Distribution point,138573725,distribution
CCP_138573726_SRC,Water system 69 – Source,138573726,source
CCP_138573726_DST,Water system 69 – Distribution point,138573726,distribution
CCP_138573727_SRC,Water system 70 – Source,138573727,source
CCP_138573727_DST,Water system 70 – Distribution point,138573727,distribution
CCP_138573728_SRC,Water system 71 – Source,138573728,source
CCP_138573728_DST,Water system 71 – Distribution point,138573728,distribution
CCP_138573729_SRC,Water system 72 – Source,138573729,source
CCP_138573729_DST,Water system 72 – Distribution point,138573729,distribution
CCP_138573730_SRC,Water system 73 – Source,138573730,source
CCP_138573730_DST,Water system 73 – Distribution point,138573730,distribution
CCP_138573731_SRC,Water system 74 – Source,138573731,source
CCP_138573731_DST,Water system 74 – Distribution point,138573731,distribution
CCP_138573732_SRC,Water system 75 – Source,138573732,source
CCP_138573732_DST,Water system 75 – Distribution point,138573732,distribution
CCP_138573733_SRC,Water system 76 – Source,138573733,source
CCP_138573733_DST,Water system 76 – Distribution point,138573733,distribution
CCP_138573734_SRC,Water system 77 – Source,138573734,source
CCP_138573734_DST,Water system 77 – Distribution point,138573734,distribution
CCP_138573735_SRC,Water system 78 – Source,138573735,source
CCP_138573735_DST,Water system 78 – Distribution point,138573735,distribution
CCP_138573736_SRC,Water system 79 – Source,138573736,source
CCP_138573736_DST,Water system 79 – Distribution point,138573736,distribution
CCP_138573737_SRC,Water system 80 – Source,138573737,source
CCP_138573737_DST,Water system 80 – Distribution point,138573737,distribution
CCP_138573738_SRC,Water system 81 – Source,138573738,source
CCP_138573738_DST,Water system 81 – Distribution point,138573738,distribution
CCP_138573739_SRC,Water system 82 – Source,138573739,source
CCP_138573739_DST,Water system 82 – Distribution point,138573739,distribution
CCP_138573740_SRC,Water system 83 – Source,138573740,source
CCP_138573740_DST,Water system 83 – Distribution point,138573740,distribution
CCP_138573741_SRC,Water system 84 – Source,138573741,source
CCP_138573741_DST,Water system 84 – Distribution point,138573741,distribution
CCP_138573742_SRC,Water system 85 – Source,138573742,source
CCP_138573742_DST,Water system 85 – Distribution point,138573742,distribution
CCP_138573743_SRC,Water system 86 – Source,138573743,source
CCP_138573743_DST,Water system 86 – Distribution point,138573743,distribution
CCP_138573744_SRC,Water system 87 – Source,138573744,source
CCP_138573744_DST,Water system 87 – Distribution point,138573744,distribution
CCP_138573745_SRC,Water system 88 – Source,138573745,source
CCP_138573745_DST,Water system 88 – Distribution point,138573745,distribution
CCP_138573746_SRC,Water system 89 – Source,138573746,source
CCP_138573746_DST,Water system 89 – Distribution point,138573746,distribution
CCP_138573747_SRC,Water system 90 – Source,138573747,source
CCP_138573747_DST,Water system 90 – Distribution point,138573747,distribution
CCP_138573748_SRC,Water system 91 – Source,138573748,source
CCP_138573748_DST,Water system 91 – Distribution point,138573748,distribution
CCP_138573749_SRC,Water system 92 – Source,138573749,source
CCP_138573749_DST,Water system 92 – Distribution point,138573749,distribution
CCP_138573750_SRC,Water system 93 – Source,138573750,source
CCP_138573750_DST,Water system 93 – Distribution point,138573750,distribution
CCP_138573751_SRC,Water system 94 – Source,138573751,source
CCP_138573751_DST,Water system 94 – Distribution point,138573751,distribution
CCP_138573752_SRC,Water system 95 – Source,138573752,source
CCP_138573752_DST,Water system 95 – Distribution point,138573752,distribution
CCP_138573753_SRC,Water system 96 – Source,138573753,source
CCP_138573753_DST,Water system 96 – Distribution point,138573753,distribution
CCP_138573754_SRC,Water system 97 – Source,138573754,source
CCP_138573754_DST,Water system 97 – Distribution point,138573754,distribution
CCP_138573755_SRC,Water system 98 – Source,138573755,source
CCP_138573755_DST,Water system 98 – Distribution point,138573755,distribution
CCP_138573756_SRC,Water system 99 – Source,138573756,source
CCP_138573756_DST,Water system 99 – Distribution point,138573756,distribution
CCP_138573757_SRC,Water system 100 – Source,138573757,source
CCP_138573757_DST,Water system 100 – Distribution point,138573757,distribution
CCP_138573758_SRC,Water system 101 – Source,138573758,source
CCP_138573758_DST,Water system 101 – Distribution point,138573758,distribution
CCP_138573759_SRC,Water system 102 – Source,138573759,source
CCP_138573759_DST,Water system 102 – Distribution point,138573759,distribution
CCP_138573760_SRC,Water system 103 – Source,138573760,source
CCP_138573760_DST,Water system 103 – Distribution point,138573760,distribution
CCP_138573761_SRC,Water system 104 – Source,138573761,source
CCP_138573761_DST,Water system 104 – Distribution point,138573761,distribution
CCP_138573762_SRC,Water system 105 – Source,138573762,source
CCP_138573762_DST,Water system 105 – Distribution point,138573762,distribution
CCP_138573763_SRC,Water system 106 – Source,138573763,source
CCP_138573763_DST,Water system 106 – Distribution point,138573763,distribution
CCP_138573764_SRC,Water system 107 – Source,138573764,source
CCP_138573764_DST,Water system 107 – Distribution point,138573764,distribution
CCP_138573765_SRC,Water system 108 – Source,138573765,source
CCP_138573765_DST,Water system 108 – Distribution point,138573765,distribution
CCP_138573766_SRC,Water system 109 – Source,138573766,source
CCP_138573766_DST,Water system 109 – Distribution point,138573766,distribution
CCP_138573767_SRC,Water system 110 – Source,138573767,source
CCP_138573767_DST,Water system 110 – Distribution point,138573767,distribution
CCP_138573768_SRC,Water system 111 – Source,138573768,source
CCP_138573768_DST,Water system 111 – Distribution point,138573768,distribution
CCP_138573769_SRC,Water system 112 – Source,138573769,source
CCP_138573769_DST,Water system 112 – Distribution point,138573769,distribution
CCP_138573770_SRC,Water system 113 – Source,138573770,source
CCP_138573770_DST,Water system 113 – Distribution point,138573770,distribution
CCP_138573771_SRC,Water system 114 – Source,138573771,source
CCP_138573771_DST,Water system 114 – Distribution point,138573771,distribution
CCP_138573772_SRC,Water system 115 – Source,138573772,source
CCP_138573772_DST,Water system 115 – Distribution point,138573772,distribution
CCP_138573773_SRC,Water system 116 – Source,138573773,source
CCP_138573773_DST,Water system 116 – Distribution point,138573773,distribution
CCP_138573774_SRC,Water system 117 – Source,138573774,source
CCP_138573774_DST,Water system 117 – Distribution point,138573774,distribution
CCP_138573775_SRC,Water system 118 – Source,138573775,source
CCP_138573775_DST,Water system 118 – Distribution point,138573775,distribution
CCP_138573776_SRC,Water system 119 – Source,138573776,source
CCP_138573776_DST,Water system 119 – Distribution point,138573776,distribution
CCP_138573777_SRC,Water system 120 – Source,138573777,source
CCP_138573777_DST,Water system 120 – Distribution point,138573777,distribution
CCP_138573778_SRC,Water system 121 – Source,138573778,source
CCP_138573778_DST,Water system 121 – Distribution point,138573778,distribution
CCP_138573779_SRC,Water system 122 – Source,138573779,source
CCP_138573779_DST,Water system 122 – Distribution point,138573779,distribution
CCP_138573780_SRC,Water system 123 – Source,138573780,source
CCP_138573780_DST,Water system 123 – Distribution point,138573780,distribution
CCP_138573781_SRC,Water system 124 – Source,138573781,source
CCP_138573781_DST,Water system 124 – Distribution point,138573781,distribution
CCP_138573782_SRC,Water system 125 – Source,138573782,source
CCP_138573782_DST,Water system 125 – Distribution point,138573782,distribution
CCP_138573783_SRC,Water system 126 – Source,138573783,source
CCP_138573783_DST,Water system 126 – Distribution point,138573783,distribution
CCP_138573784_SRC,Water system 127 – Source,138573784,source
CCP_138573784_DST,Water system 127 – Distribution point,138573784,distribution
CCP_138573785_SRC,Water system 128 – Source,138573785,source
CCP_138573785_DST,Water system 128 – Distribution point,138573785,distribution
CCP_138573786_SRC,Water system 129 – Source,138573786,source
CCP_138573786_DST,Water system 129 – Distribution point,138573786,distribution
CCP_138573787_SRC,Water system 130 – Source,138573787,source
CCP_138573787_DST,Water system 130 – Distribution point,138573787,distribution
CCP_138573788_SRC,Water system 131 – Source,138573788,source
CCP_138573788_DST,Water system 131 – Distribution point,138573788,distribution
CCP_138573789_SRC,Water system 132 – Source,138573789,source
CCP_138573789_DST,Water system 132 – Distribution point,138573789,distribution
CCP_138573790_SRC,Water system 133 – Source,138573790,source
CCP_138573790_DST,Water system 133 – Distribution point,138573790,distribution
CCP_138573791_SRC,Water system 134 – Source,138573791,source
CCP_138573791_DST,Water system 134 – Distribution point,138573791,distribution
CCP_138573792_SRC,Water system 135 – Source,138573792,source
CCP_138573792_DST,Water system 135 – Distribution point,138573792,distribution
CCP_138573793_SRC,Water system 136 – Source,138573793,source
CCP_138573793_DST,Water system 136 – Distribution point,138573793,distribution
CCP_138573794_SRC,Water system 137 – Source,138573794,source
CCP_138573794_DST,Water system 137 – Distribution point,138573794,distribution
CCP_138573795_SRC,Water system 138 – Source,138573795,source
CCP_138573795_DST,Water system 138 – Distribution point,138573795,distribution
CCP_138573796_SRC,Water system 139 – Source,138573796,source
CCP_138573796_DST,Water system 139 – Distribution point,138573796,distribution
CCP_138573797_SRC,Water system 140 – Source,138573797,source
CCP_138573797_DST,Water system 140 – Distribution point,138573797,distribution
CCP_138573798_SRC,Water system 141 – Source,138573798,source
CCP_138573798_DST,Water system 141 – Distribution point,138573798,distribution
CCP_138573799_SRC,Water system 142 – Source,138573799,source
CCP_138573799_DST,Water system 142 – Distribution point,138573799,distribution
CCP_138573800_SRC,Water system 143 – Source,138573800,source
CCP_138573800_DST,Water system 143 – Distribution point,138573800,distribution
CCP_138573801_SRC,Water system 144 – Source,138573801,source
CCP_138573801_DST,Water system 144 – Distribution point,138573801,distribution
CCP_138573802_SRC,Water system 145 – Source,138573802,source
CCP_138573802_DST,Water system 145 – Distribution point,138573802,distribution
CCP_138573803_SRC,Water system 146 – Source,138573803,source
CCP_138573803_DST,Water system 146 – Distribution point,138573803,distribution
CCP_138573804_SRC,Water system 147 – Source,138573804,source
CCP_138573804_DST,Water system 147 – Distribution point,138573804,distribution
CCP_138573805_SRC,Water system 148 – Source,138573805,source
CCP_138573805_DST,Water system 148 – Distribution point,138573805,distribution
CCP_138573806_SRC,Water system 149 – Source,138573806,source
CCP_138573806_DST,Water system 149 – Distribution point,138573806,distribution
CCP_138573807_SRC,Water system 150 – Source,138573807,source
CCP_138573807_DST,Water system 150 – Distribution point,138573807,distribution
CCP_138573808_SRC,Water system 151 – Source,138573808,source
CCP_138573808_DST,Water system 151 – Distribution point,138573808,distribution
CCP_138573809_SRC,Water system 152 – Source,138573809,source
CCP_138573809_DST,Water system 152 – Distribution point,138573809,distribution
CCP_138573810_SRC,Water system 153 – Source,138573810,source
CCP_138573810_DST,Water system 153 – Distribution point,138573810,distribution
CCP_138573811_SRC,Water system 154 – Source,138573811,source
CCP_138573811_DST,Water system 154 – Distribution point,138573811,distribution
CCP_138573812_SRC,Water system 155 – Source,138573812,source
CCP_138573812_DST,Water system 155 – Distribution point,138573812,distribution
CCP_138573813_SRC,Water system 156 – Source,138573813,source
CCP_138573813_DST,Water system 156 – Distribution point,138573813,distribution
CCP_138573814_SRC,Water system 157 – Source,138573814,source
CCP_138573814_DST,Water system 157 – Distribution point,138573814,distribution
CCP_138573815_SRC,Water system 158 – Source,138573815,source
CCP_138573815_DST,Water system 158 – Distribution point,138573815,distribution
CCP_138573816_SRC,Water system 159 – Source,138573816,source
CCP_138573816_DST,Water system 159 – Distribution point,138573816,distribution
CCP_138573817_SRC,Water system 160 – Source,138573817,source
CCP_138573817_DST,Water system 160 – Distribution point,138573817,distribution
CCP_138573818_SRC,Water system 161 – Source,138573818,source
CCP_138573818_DST,Water system 161 – Distribution point,138573818,distribution
CCP_138573819_SRC,Water system 162 – Source,138573819,source
CCP_138573819_DST,Water system 162 – Distribution point,138573819,distribution
CCP_138573820_SRC,Water system 163 – Source,138573820,source
CCP_138573820_DST,Water system 163 – Distribution point,138573820,distribution
CCP_138573821_SRC,Water system 164 – Source,138573821,source
CCP_138573821_DST,Water system 164 – Distribution point,138573821,distribution
CCP_138573822_SRC,Water system 165 – Source,138573822,source
CCP_138573822_DST,Water system 165 – Distribution point,138573822,distribution
CCP_138573823_SRC,Water system 166 – Source,138573823,source
CCP_138573823_DST,Water system 166 – Distribution point,138573823,distribution
CCP_138573824_SRC,Water system 167 – Source,138573824,source
CCP_138573824_DST,Water system 167 – Distribution point,138573824,distribution
CCP_138573825_SRC,Water system 168 – Source,138573825,source
CCP_138573825_DST,Water system 168 – Distribution point,138573825,distribution
CCP_138573826_SRC,Water system 169 – Source,138573826,source
CCP_138573826_DST,Water system 169 – Distribution point,138573826,distribution
CCP_138573827_SRC,Water system 170 – Source,138573827,source
CCP_138573827_DST,Water system 170 – Distribution point,138573827,distribution
CCP_138573828_SRC,Water system 171 – Source,138573828,source
CCP_138573828_DST,Water system 171 – Distribution point,138573828,distribution
CCP_138573829_SRC,Water system 172 – Source,138573829,source
CCP_138573829_DST,Water system 172 – Distribution point,138573829,distribution
CCP_138573830_SRC,Water system 173 – Source,138573830,source
CCP_138573830_DST,Water system 173 – Distribution point,138573830,distribution
CCP_138573831_SRC,Water system 174 – Source,138573831,source
CCP_138573831_DST,Water system 174 – Distribution point,138573831,distribution
CCP_138573832_SRC,Water system 175 – Source,138573832,source
CCP_138573832_DST,Water system 175 – Distribution point,138573832,distribution
CCP_138573833_SRC,Water system 176 – Source,138573833,source
CCP_138573833_DST,Water system 176 – Distribution point,138573833,distribution
CCP_138573834_SRC,Water system 177 – Source,138573834,source
CCP_138573834_DST,Water system 177 – Distribution point,138573834,distribution
CCP_138573835_SRC,Water system 178 – Source,138573835,source
CCP_138573835_DST,Water system 178 – Distribution point,138573835,distribution
CCP_138573836_SRC,Water system 179 – Source,138573836,source
CCP_138573836_DST,Water system 179 – Distribution point,138573836,distribution
CCP_138573837_SRC,Water system 180 – Source,138573837,source
CCP_138573837_DST,Water system 180 – Distribution point,138573837,distribution
CCP_138573838_SRC,Water system 181 – Source,138573838,source
CCP_138573838_DST,Water system 181 – Distribution point,138573838,distribution
CCP_138573839_SRC,Water system 182 – Source,138573839,source
CCP_138573839_DST,Water system 182 – Distribution point,138573839,distribution
CCP_138573840_SRC,Water system 183 – Source,138573840,source
CCP_138573840_DST,Water system 183 – Distribution point,138573840,distribution
CCP_138573841_SRC,Water system 184 – Source,138573841,source
CCP_138573841_DST,Water system 184 – Distribution point,138573841,distribution
CCP_138573842_SRC,Water system 185 – Source,138573842,source
CCP_138573842_DST,Water system 185 – Distribution point,138573842,distribution
CCP_138573843_SRC,Water system 186 – Source,138573843,source
CCP_138573843_DST,Water system 186 – Distribution point,138573843,distribution
CCP_138573844_SRC,Water system 187 – Source,138573844,source
CCP_138573844_DST,Water system 187 – Distribution point,138573844,distribution
CCP_138573845_SRC,Water system 188 – Source,138573845,source
CCP_138573845_DST,Water system 188 – Distribution point,138573845,distribution
CCP_138573846_SRC,Water system 189 – Source,138573846,source
CCP_138573846_DST,Water system 189 – Distribution point,138573846,distribution
CCP_138573847_SRC,Water system 190 – Source,138573847,source
CCP_138573847_DST,Water system 190 – Distribution point,138573847,distribution
CCP_138573848_SRC,Water system 191 – Source,138573848,source
CCP_138573848_DST,Water system 191 – Distribution point,138573848,distribution
CCP_138573849_SRC,Water system 192 – Source,138573849,source
CCP_138573849_DST,Water system 192 – Distribution point,138573849,distribution
CCP_138573850_SRC,Water system 193 – Source,138573850,source
CCP_138573850_DST,Water system 193 – Distribution point,138573850,distribution
CCP_138573851_SRC,Water system 194 – Source,138573851,source
CCP_138573851_DST,Water system 194 – Distribution point,138573851,distribution
CCP_138573852_SRC,Water system 195 – Source,138573852,source
CCP_138573852_DST,Water system 195 – Distribution point,138573852,distribution
CCP_138573853_SRC,Water system 196 – Source,138573853,source
CCP_138573853_DST,Water system 196 – Distribution point,138573853,distribution
CCP_138573854_SRC,Water system 197 – Source,138573854,source
CCP_138573854_DST,Water system 197 – Distribution point,138573854,distribution
CCP_138573855_SRC,Water system 198 – Source,138573855,source
CCP_138573855_DST,Water system 198 – Distribution point,138573855,distribution
CCP_138573856_SRC,Water system 199 – Source,138573856,source
CCP_138573856_DST,Water system 199 – Distribution point,138573856,distribution
CCP_138573857_SRC,Water system 200 – Source,138573857,source
CCP_138573857_DST,Water system 200 – Distribution point,138573857,distribution
CCP_138573858_SRC,Water system 201 – Source,138573858,source
CCP_138573858_DST,Water system 201 – Distribution point,138573858,distribution
CCP_138573859_SRC,Water system 202 – Source,138573859,source
CCP_138573859_DST,Water system 202 – Distribution point,138573859,distribution
CCP_138573860_SRC,Water system 203 – Source,138573860,source
CCP_138573860_DST,Water system 203 – Distribution point,138573860,distribution
CCP_138573861_SRC,Water system 204 – Source,138573861,source
CCP_138573861_DST,Water system 204 – Distribution point,138573861,distribution
CCP_138573862_SRC,Water system 205 – Source,138573862,source
CCP_138573862_DST,Water system 205 – Distribution point,138573862,distribution
CCP_138573863_SRC,Water system 206 – Source,138573863,source
CCP_138573863_DST,Water system 206 – Distribution point,138573863,distribution
CCP_138573864_SRC,Water system 207 – Source,138573864,source
CCP_138573864_DST,Water system 207 – Distribution point,138573864,distribution
CCP_138573865_SRC,Water system 208 – Source,138573865,source
CCP_138573865_DST,Water system 208 – Distribution point,138573865,distribution
CCP_138573866_SRC,Water system 209 – Source,138573866,source
CCP_138573866_DST,Water system 209 – Distribution point,138573866,distribution
CCP_138573867_SRC,Water system 210 – Source,138573867,source
CCP_138573867_DST,Water system 210 – Distribution point,138573867,distribution
CCP_138573868_SRC,Water system 211 – Source,138573868,source
CCP_138573868_DST,Water system 211 – Distribution point,138573868,distribution
CCP_138573869_SRC,Water system 212 – Source,138573869,source
CCP_138573869_DST,Water system 212 – Distribution point,138573869,distribution
CCP_138573870_SRC,Water system 213 – Source,138573870,source
CCP_138573870_DST,Water system 213 – Distribution point,138573870,distribution
CCP_138573871_SRC,Water system 214 – Source,138573871,source
CCP_138573871_DST,Water system 214 – Distribution point,138573871,distribution
CCP_138573872_SRC,Water system 215 – Source,138573872,source
CCP_138573872_DST,Water system 215 – Distribution point,138573872,distribution
CCP_138573873_SRC,Water system 216 – Source,138573873,source
CCP_138573873_DST,Water system 216 – Distribution point,138573873,distribution
CCP_138573874_SRC,Water system 217 – Source,138573874,source
CCP_138573874_DST,Water system 217 – Distribution point,138573874,distribution
CCP_138573875_SRC,Water system 218 – Source,138573875,source
CCP_138573875_DST,Water system 218 – Distribution point,138573875,distribution
CCP_138573876_SRC,Water system 219 – Source,138573876,source
CCP_138573876_DST,Water system 219 – Distribution point,138573876,distribution
CCP_138573877_SRC,Water system 220 – Source,138573877,source
CCP_138573877_DST,Water system 220 – Distribution point,138573877,distribution
CCP_138573878_SRC,Water system 221 – Source,138573878,source
CCP_138573878_DST,Water system 221 – Distribution point,138573878,distribution
CCP_138573879_SRC,Water system 222 – Source,138573879,source
CCP_138573879_DST,Water system 222 – Distribution point,138573879,distribution
CCP_138573880_SRC,Water system 223 – Source,138573880,source
CCP_138573880_DST,Water system 223 – Distribution point,138573880,distribution
CCP_138573881_SRC,Water system 224 – Source,138573881,source
CCP_138573881_DST,Water system 224 – Distribution point,138573881,distribution
CCP_138573882_SRC,Water system 225 – Source,138573882,source
CCP_138573882_DST,Water system 225 – Distribution point,138573882,distribution
CCP_138573883_SRC,Water system 226 – Source,138573883,source
CCP_138573883_DST,Water system 226 – Distribution point,138573883,distribution
CCP_138573884_SRC,Water system 227 – Source,138573884,source
CCP_138573884_DST,Water system 227 – Distribution point,138573884,distribution
CCP_138573885_SRC,Water system 228 – Source,138573885,source
CCP_138573885_DST,Water system 228 – Distribution point,138573885,distribution
CCP_138573886_SRC,Water system 229 – Source,138573886,source
CCP_138573886_DST,Water system 229 – Distribution point,138573886,distribution
CCP_138573887_SRC,Water system 230 – Source,138573887,source
CCP_138573887_DST,Water system 230 – Distribution point,138573887,distribution
CCP_138573888_SRC,Water system 231 – Source,138573888,source
CCP_138573888_DST,Water system 231 – Distribution point,138573888,distribution
CCP_138573889_SRC,Water system 232 – Source,138573889,source
CCP_138573889_DST,Water system 232 – Distribution point,138573889,distribution
CCP_138573890_SRC,Water system 233 – Source,138573890,source
CCP_138573890_DST,Water system 233 – Distribution point,138573890,distribution
CCP_138573891_SRC,Water system 234 – Source,138573891,source
CCP_138573891_DST,Water system 234 – Distribution point,138573891,distribution
CCP_138573892_SRC,Water system 235 – Source,138573892,source
CCP_138573892_DST,Water system 235 – Distribution point,138573892,distribution
CCP_138573893_SRC,Water system 236 – Source,138573893,source
CCP_138573893_DST,Water system 236 – Distribution point,138573893,distribution
CCP_138573894_SRC,Water system 237 – Source,138573894,source
CCP_138573894_DST,Water system 237 – Distribution point,138573894,distribution
CCP_138573895_SRC,Water system 238 – Source,138573895,source
CCP_138573895_DST,Water system 238 – Distribution point,138573895,distribution
CCP_138573896_SRC,Water system 239 – Source,138573896,source
CCP_138573896_DST,Water system 239 – Distribution point,138573896,distribution
CCP_138573897_SRC,Water system 240 – Source,138573897,source
CCP_138573897_DST,Water system 240 – Distribution point,138573897,distribution
CCP_138573898_SRC,Water system 241 – Source,138573898,source
CCP_138573898_DST,Water system 241 – Distribution point,138573898,distribution
CCP_138573899_SRC,Water system 242 – Source,138573899,source
CCP_138573899_DST,Water system 242 – Distribution point,138573899,distribution
CCP_138573900_SRC,Water system 243 – Source,138573900,source
CCP_138573900_DST,Water system 243 – Distribution point,138573900,distribution
CCP_138573901_SRC,Water system 244 – Source,138573901,source
CCP_138573901_DST,Water system 244 – Distribution point,138573901,distribution
CCP_138573902_SRC,Water system 245 – Source,138573902,source
CCP_138573902_DST,Water system 245 – Distribution point,138573902,distribution
CCP_138573903_SRC,Water system 246 – Source,138573903,source
CCP_138573903_DST,Water system 246 – Distribution point,138573903,distribution
CCP_138573904_SRC,Water system 247 – Source,138573904,source
CCP_138573904_DST,Water system 247 – Distribution point,138573904,distribution
CCP_138573905_SRC,Water system 248 – Source,138573905,source
CCP_138573905_DST,Water system 248 – Distribution point,138573905,distribution
CCP_138573906_SRC,Water system 249 – Source,138573906,source
CCP_138573906_DST,Water system 249 – Distribution point,138573906,distribution
CCP_138573907_SRC,Water system 250 – Source,138573907,source
CCP_138573907_DST,Water system 250 – Distribution point,138573907,distribution
CCP_138573908_SRC,Water system 251 – Source,138573908,source
CCP_138573908_DST,Water system 251 – Distribution point,138573908,distribution
CCP_138573909_SRC,Water system 252 – Source,138573909,source
CCP_138573909_DST,Water system 252 – Distribution point,138573909,distribution
CCP_138573910_SRC,Water system 253 – Source,138573910,source
CCP_138573910_DST,Water system 253 – Distribution point,138573910,distribution
CCP_138573911_SRC,Water system 254 – Source,138573911,source
CCP_138573911_DST,Water system 254 – Distribution point,138573911,distribution
CCP_138573912_SRC,Water system 255 – Source,138573912,source
CCP_138573912_DST,Water system 255 – Distribution point,138573912,distribution
CCP_138573913_SRC,Water system 256 – Source,138573913,source
CCP_138573913_DST,Water system 256 – Distribution point,138573913,distribution
CCP_138573914_SRC,Water system 257 – Source,138573914,source
CCP_138573914_DST,Water system 257 – Distribution point,138573914,distribution
CCP_138573915_SRC,Water system 258 – Source,138573915,source
CCP_138573915_DST,Water system 258 – Distribution point,138573915,distribution
CCP_138573916_SRC,Water system 259 – Source,138573916,source
CCP_138573916_DST,Water system 259 – Distribution point,138573916,distribution
CCP_138573917_SRC,Water system 260 – Source,138573917,source
CCP_138573917_DST,Water system 260 – Distribution point,138573917,distribution
CCP_138573918_SRC,Water system 261 – Source,138573918,source
CCP_138573918_DST,Water system 261 – Distribution point,138573918,distribution
CCP_138573919_SRC,Water system 262 – Source,138573919,source
CCP_138573919_DST,Water system 262 – Distribution point,138573919,distribution
CCP_138573920_SRC,Water system 263 – Source,138573920,source
CCP_138573920_DST,Water system 263 – Distribution point,138573920,distribution
CCP_138573921_SRC,Water system 264 – Source,138573921,source
CCP_138573921_DST,Water system 264 – Distribution point,138573921,distribution
CCP_138573922_SRC,Water system 265 – Source,138573922,source
CCP_138573922_DST,Water system 265 – Distribution point,138573922,distribution
CCP_138573923_SRC,Water system 266 – Source,138573923,source
CCP_138573923_DST,Water system 266 – Distribution point,138573923,distribution
CCP_138573924_SRC,Water system 267 – Source,138573924,source
CCP_138573924_DST,Water system 267 – Distribution point,138573924,distribution
CCP_138573925_SRC,Water system 268 – Source,138573925,source
CCP_138573925_DST,Water system 268 – Distribution point,138573925,distribution
CCP_138573926_SRC,Water system 269 – Source,138573926,source
CCP_138573926_DST,Water system 269 – Distribution point,138573926,distribution
CCP_138573927_SRC,Water system 270 – Source,138573927,source
CCP_138573927_DST,Water system 270 – Distribution point,138573927,distribution
CCP_138573928_SRC,Water system 271 – Source,138573928,source
CCP_138573928_DST,Water system 271 – Distribution point,138573928,distribution
CCP_138573929_SRC,Water system 272 – Source,138573929,source
CCP_138573929_DST,Water system 272 – Distribution point,138573929,distribution
CCP_138573930_SRC,Water system 273 – Source,138573930,source
CCP_138573930_DST,Water system 273 – Distribution point,138573930,distribution
CCP_138573931_SRC,Water system 274 – Source,138573931,source
CCP_138573931_DST,Water system 274 – Distribution point,138573931,distribution
CCP_138573932_SRC,Water system 275 – Source,138573932,source
CCP_138573932_DST,Water system 275 – Distribution point,138573932,distribution
CCP_138573933_SRC,Water system 276 – Source,138573933,source
CCP_138573933_DST,Water system 276 – Distribution point,138573933,distribution
CCP_138573934_SRC,Water system 277 – Source,138573934,source
CCP_138573934_DST,Water system 277 – Distribution point,138573934,distribution
CCP_138573935_SRC,Water system 278 – Source,138573935,source
CCP_138573935_DST,Water system 278 – Distribution point,138573935,distribution
CCP_138573936_SRC,Water system 279 – Source,138573936,source
CCP_138573936_DST,Water system 279 – Distribution point,138573936,distribution
CCP_138573937_SRC,Water system 280 – Source,138573937,source
CCP_138573937_DST,Water system 280 – Distribution point,138573937,distribution
CCP_138573938_SRC,Water system 281 – Source,138573938,source
CCP_138573938_DST,Water system 281 – Distribution point,138573938,distribution
CCP_138573939_SRC,Water system 282 – Source,138573939,source
CCP_138573939_DST,Water system 282 – Distribution point,138573939,distribution
CCP_138573940_SRC,Water system 283 – Source,138573940,source
CCP_138573940_DST,Water system 283 – Distribution point,138573940,distribution
CCP_138573941_SRC,Water system 284 – Source,138573941,source
CCP_138573941_DST,Water system 284 – Distribution point,138573941,distribution
CCP_138573942_SRC,Water system 285 – Source,138573942,source
CCP_138573942_DST,Water system 285 – Distribution point,138573942,distribution
CCP_138573943_SRC,Water system 286 – Source,138573943,source
CCP_138573943_DST,Water system 286 – Distribution point,138573943,distribution
CCP_138573944_SRC,Water system 287 – Source,138573944,source
CCP_138573944_DST,Water system 287 – Distribution point,138573944,distribution
CCP_138573945_SRC,Water system 288 – Source,138573945,source
CCP_138573945_DST,Water system 288 – Distribution point,138573945,distribution
CCP_138573946_SRC,Water system 289 – Source,138573946,source
CCP_138573946_DST,Water system 289 – Distribution point,138573946,distribution
CCP_138573947_SRC,Water system 290 – Source,138573947,source
CCP_138573947_DST,Water system 290 – Distribution point,138573947,distribution
CCP_138573948_SRC,Water system 291 – Source,138573948,source
CCP_138573948_DST,Water system 291 – Distribution point,138573948,distribution
CCP_138573949_SRC,Water system 292 – Source,138573949,source
CCP_138573949_DST,Water system 292 – Distribution point,138573949,distribution
CCP_138573950_SRC,Water system 293 – Source,138573950,source
CCP_138573950_DST,Water system 293 – Distribution point,138573950,distribution
CCP_138573951_SRC,Water system 294 – Source,138573951,source
CCP_138573951_DST,Water system 294 – Distribution point,138573951,distribution
CCP_138573952_SRC,Water system 295 – Source,138573952,source
CCP_138573952_DST,Water system 295 – Distribution point,138573952,distribution
CCP_138573953_SRC,Water system 296 – Source,138573953,source
CCP_138573953_DST,Water system 296 – Distribution point,138573953,distribution
CCP_138573954_SRC,Water system 297 – Source,138573954,source
CCP_138573954_DST,Water system 297 – Distribution point,138573954,distribution
CCP_138573955_SRC,Water system 298 – Source,138573955,source
CCP_138573955_DST,Water system 298 – Distribution point,138573955,distribution
CCP_138573956_SRC,Water system 299 – Source,138573956,source
CCP_138573956_DST,Water system 299 – Distribution point,138573956,distribution
CCP_138573957_SRC,Water system 300 – Source,138573957,source
CCP_138573957_DST,Water system 300 – Distribution point,138573957,distribution
CCP_138573958_SRC,Water system 301 – Source,138573958,source
CCP_138573958_DST,Water system 301 – Distribution point,138573958,distribution
CCP_138573959_SRC,Water system 302 – Source,138573959,source
CCP_138573959_DST,Water system 302 – Distribution point,138573959,distribution
CCP_138573960_SRC,Water system 303 – Source,138573960,source
CCP_138573960_DST,Water system 303 – Distribution point,138573960,distribution
CCP_138573961_SRC,Water system 304 – Source,138573961,source
CCP_138573961_DST,Water system 304 – Distribution point,138573961,distribution
CCP_138573962_SRC,Water system 305 – Source,138573962,source
CCP_138573962_DST,Water system 305 – Distribution point,138573962,distribution
CCP_138573963_SRC,Water system 306 – Source,138573963,source
CCP_138573963_DST,Water system 306 – Distribution point,138573963,distribution
CCP_138573964_SRC,Water system 307 – Source,138573964,source
CCP_138573964_DST,Water system 307 – Distribution point,138573964,distribution
CCP_138573965_SRC,Water system 308 – Source,138573965,source
CCP_138573965_DST,Water system 308 – Distribution point,138573965,distribution
CCP_138573966_SRC,Water system 309 – Source,138573966,source
CCP_138573966_DST,Water system 309 – Distribution point,138573966,distribution
CCP_138573967_SRC,Water system 310 – Source,138573967,source
CCP_138573967_DST,Water system 310 – Distribution point,138573967,distribution
CCP_138573968_SRC,Water system 311 – Source,138573968,source
CCP_138573968_DST,Water system 311 – Distribution point,138573968,distribution
CCP_138573969_SRC,Water system 312 – Source,138573969,source
CCP_138573969_DST,Water system 312 – Distribution point,138573969,distribution
CCP_138573970_SRC,Water system 313 – Source,138573970,source
CCP_138573970_DST,Water system 313 – Distribution point,138573970,distribution
CCP_138573971_SRC,Water system 314 – Source,138573971,source
CCP_138573971_DST,Water system 314 – Distribution point,138573971,distribution
CCP_138573972_SRC,Water system 315 – Source,138573972,source
CCP_138573972_DST,Water system 315 – Distribution point,138573972,distribution
CCP_138573973_SRC,Water system 316 – Source,138573973,source
CCP_138573973_DST,Water system 316 – Distribution point,138573973,distribution
CCP_138573974_SRC,Water system 317 – Source,138573974,source
CCP_138573974_DST,Water system 317 – Distribution point,138573974,distribution
CCP_138573975_SRC,Water system 318 – Source,138573975,source
CCP_138573975_DST,Water system 318 – Distribution point,138573975,distribution
CCP_138573976_SRC,Water system 319 – Source,138573976,source
CCP_138573976_DST,Water system 319 – Distribution point,138573976,distribution
CCP_138573977_SRC,Water system 320 – Source,138573977,source
CCP_138573977_DST,Water system 320 – Distribution point,138573977,distribution
CCP_138573978_SRC,Water system 321 – Source,138573978,source
CCP_138573978_DST,Water system 321 – Distribution point,138573978,distribution
CCP_138573979_SRC,Water system 322 – Source,138573979,source
CCP_138573979_DST,Water system 322 – Distribution point,138573979,distribution
CCP_138573980_SRC,Water system 323 – Source,138573980,source
CCP_138573980_DST,Water system 323 – Distribution point,138573980,distribution
CCP_138573981_SRC,Water system 324 – Source,138573981,source
CCP_138573981_DST,Water system 324 – Distribution point,138573981,distribution
CCP_138573982_SRC,Water system 325 – Source,138573982,source
CCP_138573982_DST,Water system 325 – Distribution point,138573982,distribution
CCP_138573983_SRC,Water system 326 – Source,138573983,source
CCP_138573983_DST,Water system 326 – Distribution point,138573983,distribution
CCP_138573984_SRC,Water system 327 – Source,138573984,source
CCP_138573984_DST,Water system 327 – Distribution point,138573984,distribution
CCP_138573985_SRC,Water system 328 – Source,138573985,source
CCP_138573985_DST,Water system 328 – Distribution point,138573985,distribution
CCP_138573986_SRC,Water system 329 – Source,138573986,source
CCP_138573986_DST,Water system 329 – Distribution point,138573986,distribution
CCP_138573987_SRC,Water system 330 – Source,138573987,source
CCP_138573987_DST,Water system 330 – Distribution point,138573987,distribution
CCP_138573988_SRC,Water system 331 – Source,138573988,source
CCP_138573988_DST,Water system 331 – Distribution point,138573988,distribution
CCP_138573989_SRC,Water system 332 – Source,138573989,source
CCP_138573989_DST,Water system 332 – Distribution point,138573989,distribution
CCP_138573990_SRC,Water system 333 – Source,138573990,source
CCP_138573990_DST,Water system 333 – Distribution point,138573990,distribution
CCP_138573991_SRC,Water system 334 – Source,138573991,source
CCP_138573991_DST,Water system 334 – Distribution point,138573991,distribution
CCP_138573992_SRC,Water system 335 – Source,138573992,source
CCP_138573992_DST,Water system 335 – Distribution point,138573992,distribution
CCP_138573993_SRC,Water system 336 – Source,138573993,source
CCP_138573993_DST,Water system 336 – Distribution point,138573993,distribution
CCP_138573994_SRC,Water system 337 – Source,138573994,source
CCP_138573994_DST,Water system 337 – Distribution point,138573994,distribution
CCP_138573995_SRC,Water system 338 – Source,138573995,source
CCP_138573995_DST,Water system 338 – Distribution point,138573995,distribution
CCP_138573996_SRC,Water system 339 – Source,138573996,source
CCP_138573996_DST,Water system 339 – Distribution point,138573996,distribution
CCP_138573997_SRC,Water system 340 – Source,138573997,source
CCP_138573997_DST,Water system 340 – Distribution point,138573997,distribution
CCP_138573998_SRC,Water system 341 – Source,138573998,source
CCP_138573998_DST,Water system 341 – Distribution point,138573998,distribution
CCP_138573999_SRC,Water system 342 – Source,138573999,source
CCP_138573999_DST,Water system 342 – Distribution point,138573999,distribution
CCP_138574000_SRC,Water system 343 – Source,138574000,source
CCP_138574000_DST,Water system 343 – Distribution point,138574000,distribution
CCP_138574001_SRC,Water system 344 – Source,138574001,source
CCP_138574001_DST,Water system 344 – Distribution point,138574001,distribution
CCP_138574002_SRC,Water system 345 – Source,138574002,source
CCP_138574002_DST,Water system 345 – Distribution point,138574002,distribution
CCP_138574003_SRC,Water system 346 – Source,138574003,source
CCP_138574003_DST,Water system 346 – Distribution point,138574003,distribution
CCP_138574004_SRC,Water system 347 – Source,138574004,source
CCP_138574004_DST,Water system 347 – Distribution point,138574004,distribution
CCP_138574005_SRC,Water system 348 – Source,138574005,source
CCP_138574005_DST,Water system 348 – Distribution point,138574005,distribution
CCP_138574006_SRC,Water system 349 – Source,138574006,source
CCP_138574006_DST,Water system 349 – Distribution point,138574006,distribution
CCP_138574007_SRC,Water system 350 – Source,138574007,source
CCP_138574007_DST,Water system 350 – Distribution point,138574007,distribution
CCP_138574008_SRC,Water system 351 – Source,138574008,source
CCP_138574008_DST,Water system 351 – Distribution point,138574008,distribution
CCP_138574009_SRC,Water system 352 – Source,138574009,source
CCP_138574009_DST,Water system 352 – Distribution point,138574009,distribution
CCP_138574010_SRC,Water system 353 – Source,138574010,source
CCP_138574010_DST,Water system 353 – Distribution point,138574010,distribution
CCP_138574011_SRC,Water system 354 – Source,138574011,source
CCP_138574011_DST,Water system 354 – Distribution point,138574011,distribution
CCP_138574012_SRC,Water system 355 – Source,138574012,source
CCP_138574012_DST,Water system 355 – Distribution point,138574012,distribution
CCP_138574013_SRC,Water system 356 – Source,138574013,source
CCP_138574013_DST,Water system 356 – Distribution point,138574013,distribution
CCP_138574014_SRC,Water system 357 – Source,138574014,source
CCP_138574014_DST,Water system 357 – Distribution point,138574014,distribution
CCP_138574015_SRC,Water system 358 – Source,138574015,source
CCP_138574015_DST,Water system 358 – Distribution point,138574015,distribution
CCP_138574016_SRC,Water system 359 – Source,138574016,source
CCP_138574016_DST,Water system 359 – Distribution point,138574016,distribution
CCP_138574017_SRC,Water system 360 – Source,138574017,source
CCP_138574017_DST,Water system 360 – Distribution point,138574017,distribution
CCP_138574018_SRC,Water system 361 – Source,138574018,source
CCP_138574018_DST,Water system 361 – Distribution point,138574018,distribution
CCP_138574019_SRC,Water system 362 – Source,138574019,source
CCP_138574019_DST,Water system 362 – Distribution point,138574019,distribution
CCP_138574020_SRC,Water system 363 – Source,138574020,source
CCP_138574020_DST,Water system 363 – Distribution point,138574020,distribution
CCP_138574021_SRC,Water system 364 – Source,138574021,source
CCP_138574021_DST,Water system 364 – Distribution point,138574021,distribution
CCP_138574022_SRC,Water system 365 – Source,138574022,source
CCP_138574022_DST,Water system 365 – Distribution point,138574022,distribution
CCP_138574023_SRC,Water system 366 – Source,138574023,source
CCP_138574023_DST,Water system 366 – Distribution point,138574023,distribution
CCP_138574024_SRC,Water system 367 – Source,138574024,source
CCP_138574024_DST,Water system 367 – Distribution point,138574024,distribution
CCP_138574025_SRC,Water system 368 – Source,138574025,source
CCP_138574025_DST,Water system 368 – Distribution point,138574025,distribution
CCP_138574026_SRC,Water system 369 – Source,138574026,source
CCP_138574026_DST,Water system 369 – Distribution point,138574026,distribution
CCP_138574027_SRC,Water system 370 – Source,138574027,source
CCP_138574027_DST,Water system 370 – Distribution point,138574027,distribution
CCP_138574028_SRC,Water system 371 – Source,138574028,source
CCP_138574028_DST,Water system 371 – Distribution point,138574028,distribution
CCP_138574029_SRC,Water system 372 – Source,138574029,source
CCP_138574029_DST,Water system 372 – Distribution point,138574029,distribution
CCP_138574030_SRC,Water system 373 – Source,138574030,source
CCP_138574030_DST,Water system 373 – Distribution point,138574030,distribution
CCP_138574031_SRC,Water system 374 – Source,138574031,source
CCP_138574031_DST,Water system 374 – Distribution point,138574031,distribution
CCP_138574032_SRC,Water system 375 – Source,138574032,source
CCP_138574032_DST,Water system 375 – Distribution point,138574032,distribution
CCP_138574033_SRC,Water system 376 – Source,138574033,source
CCP_138574033_DST,Water system 376 – Distribution point,138574033,distribution
CCP_138574034_SRC,Water system 377 – Source,138574034,source
CCP_138574034_DST,Water system 377 – Distribution point,138574034,distribution
CCP_138574035_SRC,Water system 378 – Source,138574035,source
CCP_138574035_DST,Water system 378 – Distribution point,138574035,distribution
CCP_138574036_SRC,Water system 379 – Source,138574036,source
CCP_138574036_DST,Water system 379 – Distribution point,138574036,distribution
CCP_138574037_SRC,Water system 380 – Source,138574037,source
CCP_138574037_DST,Water system 380 – Distribution point,138574037,distribution
CCP_138574038_SRC,Water system 381 – Source,138574038,source
CCP_138574038_DST,Water system 381 – Distribution point,138574038,distribution
CCP_138574039_SRC,Water system 382 – Source,138574039,source
CCP_138574039_DST,Water system 382 – Distribution point,138574039,distribution
CCP_138574040_SRC,Water system 383 – Source,138574040,source
CCP_138574040_DST,Water system 383 – Distribution point,138574040,distribution
CCP_138574041_SRC,Water system 384 – Source,138574041,source
CCP_138574041_DST,Water system 384 – Distribution point,138574041,distribution
CCP_138574042_SRC,Water system 385 – Source,138574042,source
CCP_138574042_DST,Water system 385 – Distribution point,138574042,distribution
CCP_138574043_SRC,Water system 386 – Source,138574043,source
CCP_138574043_DST,Water system 386 – Distribution point,138574043,distribution
CCP_138574044_SRC,Water system 387 – Source,138574044,source
CCP_138574044_DST,Water system 387 – Distribution point,138574044,distribution
CCP_138574045_SRC,Water system 388 – Source,138574045,source
CCP_138574045_DST,Water system 388 – Distribution point,138574045,distribution
CCP_138574046_SRC,Water system 389 – Source,138574046,source
CCP_138574046_DST,Water system 389 – Distribution point,138574046,distribution
CCP_138574047_SRC,Water system 390 – Source,138574047,source
CCP_138574047_DST,Water system 390 – Distribution point,138574047,distribution
CCP_138574048_SRC,Water system 391 – Source,138574048,source
CCP_138574048_DST,Water system 391 – Distribution point,138574048,distribution
CCP_138574049_SRC,Water system 392 – Source,138574049,source
CCP_138574049_DST,Water system 392 – Distribution point,138574049,distribution
CCP_138574050_SRC,Water system 393 – Source,138574050,source
CCP_138574050_DST,Water system 393 – Distribution point,138574050,distribution
CCP_138574051_SRC,Water system 394 – Source,138574051,source
CCP_138574051_DST,Water system 394 – Distribution point,138574051,distribution
CCP_138574052_SRC,Water system 395 – Source,138574052,source
CCP_138574052_DST,Water system 395 – Distribution point,138574052,distribution
CCP_138574053_SRC,Water system 396 – Source,138574053,source
CCP_138574053_DST,Water system 396 – Distribution point,138574053,distribution
CCP_138574054_SRC,Water system 397 – Source,138574054,source
CCP_138574054_DST,Water system 397 – Distribution point,138574054,distribution
CCP_138574055_SRC,Water system 398 – Source,138574055,source
CCP_138574055_DST,Water system 398 – Distribution point,138574055,distribution
CCP_138574056_SRC,Water system 399 – Source,138574056,source
CCP_138574056_DST,Water system 399 – Distribution point,138574056,distribution
CCP_138574057_SRC,Water system 400 – Source,138574057,source
CCP_138574057_DST,Water system 400 – Distribution point,138574057,distribution
CCP_138574058_SRC,Water system 401 – Source,138574058,source
CCP_138574058_DST,Water system 401 – Distribution point,138574058,distribution
CCP_138574059_SRC,Water system 402 – Source,138574059,source
CCP_138574059_DST,Water system 402 – Distribution point,138574059,distribution
CCP_138574060_SRC,Water system 403 – Source,138574060,source
CCP_138574060_DST,Water system 403 – Distribution point,138574060,distribution
CCP_138574061_SRC,Water system 404 – Source,138574061,source
CCP_138574061_DST,Water system 404 – Distribution point,138574061,distribution
CCP_138574062_SRC,Water system 405 – Source,138574062,source
CCP_138574062_DST,Water system 405 – Distribution point,138574062,distribution
CCP_138574063_SRC,Water system 406 – Source,138574063,source
CCP_138574063_DST,Water system 406 – Distribution point,138574063,distribution
CCP_138574064_SRC,Water system 407 – Source,138574064,source
CCP_138574064_DST,Water system 407 – Distribution point,138574064,distribution
CCP_138574065_SRC,Water system 408 – Source,138574065,source
CCP_138574065_DST,Water system 408 – Distribution point,138574065,distribution
CCP_138574066_SRC,Water system 409 – Source,138574066,source
CCP_138574066_DST,Water system 409 – Distribution point,138574066,distribution
CCP_138574067_SRC,Water system 410 – Source,138574067,source
CCP_138574067_DST,Water system 410 – Distribution point,138574067,distribution
CCP_138574068_SRC,Water system 411 – Source,138574068,source
CCP_138574068_DST,Water system 411 – Distribution point,138574068,distribution
CCP_138574069_SRC,Water system 412 – Source,138574069,source
CCP_138574069_DST,Water system 412 – Distribution point,138574069,distribution
CCP_138574070_SRC,Water system 413 – Source,138574070,source
CCP_138574070_DST,Water system 413 – Distribution point,138574070,distribution
CCP_138574071_SRC,Water system 414 – Source,138574071,source
CCP_138574071_DST,Water system 414 – Distribution point,138574071,distribution
CCP_138574072_SRC,Water system 415 – Source,138574072,source
CCP_138574072_DST,Water system 415 – Distribution point,138574072,distribution
CCP_138574073_SRC,Water system 416 – Source,138574073,source
CCP_138574073_DST,Water system 416 – Distribution point,138574073,distribution
CCP_138574074_SRC,Water system 417 – Source,138574074,source
CCP_138574074_DST,Water system 417 – Distribution point,138574074,distribution
CCP_138574075_SRC,Water system 418 – Source,138574075,source
CCP_138574075_DST,Water system 418 – Distribution point,138574075,distribution
CCP_138574076_SRC,Water system 419 – Source,138574076,source
CCP_138574076_DST,Water system 419 – Distribution point,138574076,distribution
CCP_138574077_SRC,Water system 420 – Source,138574077,source
CCP_138574077_DST,Water system 420 – Distribution point,138574077,distribution
CCP_138574078_SRC,Water system 421 – Source,138574078,source
CCP_138574078_DST,Water system 421 – Distribution point,138574078,distribution
CCP_138574079_SRC,Water system 422 – Source,138574079,source
CCP_138574079_DST,Water system 422 – Distribution point,138574079,distribution
CCP_138574080_SRC,Water system 423 – Source,138574080,source
CCP_138574080_DST,Water system 423 – Distribution point,138574080,distribution
CCP_138574081_SRC,Water system 424 – Source,138574081,source
CCP_138574081_DST,Water system 424 – Distribution point,138574081,distribution
CCP_138574082_SRC,Water system 425 – Source,138574082,source
CCP_138574082_DST,Water system 425 – Distribution point,138574082,distribution
CCP_138574083_SRC,Water system 426 – Source,138574083,source
CCP_138574083_DST,Water system 426 – Distribution point,138574083,distribution
CCP_138574084_SRC,Water system 427 – Source,138574084,source
CCP_138574084_DST,Water system 427 – Distribution point,138574084,distribution
CCP_138574085_SRC,Water system 428 – Source,138574085,source
CCP_138574085_DST,Water system 428 – Distribution point,138574085,distribution
CCP_138574086_SRC,Water system 429 – Source,138574086,source
CCP_138574086_DST,Water system 429 – Distribution point,138574086,distribution
CCP_138574087_SRC,Water system 430 – Source,138574087,source
CCP_138574087_DST,Water system 430 – Distribution point,138574087,distribution
CCP_138574088_SRC,Water system 431 – Source,138574088,source
CCP_138574088_DST,Water system 431 – Distribution point,138574088,distribution
CCP_138574089_SRC,Water system 432 – Source,138574089,source
CCP_138574089_DST,Water system 432 – Distribution point,138574089,distribution
CCP_138574090_SRC,Water system 433 – Source,138574090,source
CCP_138574090_DST,Water system 433 – Distribution point,138574090,distribution
CCP_138574091_SRC,Water system 434 – Source,138574091,source
CCP_138574091_DST,Water system 434 – Distribution point,138574091,distribution
CCP_138574092_SRC,Water system 435 – Source,138574092,source
CCP_138574092_DST,Water system 435 – Distribution point,138574092,distribution
CCP_138574093_SRC,Water system 436 – Source,138574093,source
CCP_138574093_DST,Water system 436 – Distribution point,138574093,distribution
CCP_138574094_SRC,Water system 437 – Source,138574094,source
CCP_138574094_DST,Water system 437 – Distribution point,138574094,distribution
CCP_138574095_SRC,Water system 438 – Source,138574095,source
CCP_138574095_DST,Water system 438 – Distribution point,138574095,distribution
CCP_138574096_SRC,Water system 439 – Source,138574096,source
CCP_138574096_DST,Water system 439 – Distribution point,138574096,distribution
CCP_138574097_SRC,Water system 440 – Source,138574097,source
CCP_138574097_DST,Water system 440 – Distribution point,138574097,distribution
CCP_138574098_SRC,Water system 441 – Source,138574098,source
CCP_138574098_DST,Water system 441 – Distribution point,138574098,distribution
CCP_138574099_SRC,Water system 442 – Source,138574099,source
CCP_138574099_DST,Water system 442 – Distribution point,138574099,distribution
CCP_138574100_SRC,Water system 443 – Source,138574100,source
CCP_138574100_DST,Water system 443 – Distribution point,138574100,distribution
CCP_138574101_SRC,Water system 444 – Source,138574101,source
CCP_138574101_DST,Water system 444 – Distribution point,138574101,distribution
CCP_138574102_SRC,Water system 445 – Source,138574102,source
CCP_138574102_DST,Water system 445 – Distribution point,138574102,distribution
CCP_138574103_SRC,Water system 446 – Source,138574103,source
CCP_138574103_DST,Water system 446 – Distribution point,138574103,distribution
CCP_138574104_SRC,Water system 447 – Source,138574104,source
CCP_138574104_DST,Water system 447 – Distribution point,138574104,distribution
CCP_138574105_SRC,Water system 448 – Source,138574105,source
CCP_138574105_DST,Water system 448 – Distribution point,138574105,distribution
CCP_138574106_SRC,Water system 449 – Source,138574106,source
CCP_138574106_DST,Water system 449 – Distribution point,138574106,distribution
CCP_138574107_SRC,Water system 450 – Source,138574107,source
CCP_138574107_DST,Water system 450 – Distribution point,138574107,distribution
CCP_138574108_SRC,Water system 451 – Source,138574108,source
CCP_138574108_DST,Water system 451 – Distribution point,138574108,distribution
CCP_138574109_SRC,Water system 452 – Source,138574109,source
CCP_138574109_DST,Water system 452 – Distribution point,138574109,distribution
CCP_138574110_SRC,Water system 453 – Source,138574110,source
CCP_138574110_DST,Water system 453 – Distribution point,138574110,distribution
CCP_138574111_SRC,Water system 454 – Source,138574111,source
CCP_138574111_DST,Water system 454 – Distribution point,138574111,distribution
CCP_138574112_SRC,Water system 455 – Source,138574112,source
CCP_138574112_DST,Water system 455 – Distribution point,138574112,distribution
CCP_138574113_SRC,Water system 456 – Source,138574113,source
CCP_138574113_DST,Water system 456 – Distribution point,138574113,distribution
CCP_138574114_SRC,Water system 457 – Source,138574114,source
CCP_138574114_DST,Water system 457 – Distribution point,138574114,distribution
CCP_138574115_SRC,Water system 458 – Source,138574115,source
CCP_138574115_DST,Water system 458 – Distribution point,138574115,distribution
CCP_138574116_SRC,Water system 459 – Source,138574116,source
CCP_138574116_DST,Water system 459 – Distribution point,138574116,distribution
CCP_138574117_SRC,Water system 460 – Source,138574117,source
CCP_138574117_DST,Water system 460 – Distribution point,138574117,distribution
CCP_138574118_SRC,Water system 461 – Source,138574118,source
CCP_138574118_DST,Water system 461 – Distribution point,138574118,distribution
CCP_138574119_SRC,Water system 462 – Source,138574119,source
CCP_138574119_DST,Water system 462 – Distribution point,138574119,distribution
CCP_138574120_SRC,Water system 463 – Source,138574120,source
CCP_138574120_DST,Water system 463 – Distribution point,138574120,distribution
CCP_138574121_SRC,Water system 464 – Source,138574121,source
CCP_138574121_DST,Water system 464 – Distribution point,138574121,distribution
CCP_138574122_SRC,Water system 465 – Source,138574122,source
CCP_138574122_DST,Water system 465 – Distribution point,138574122,distribution
CCP_138574123_SRC,Water system 466 – Source,138574123,source
CCP_138574123_DST,Water system 466 – Distribution point,138574123,distribution
CCP_138574124_SRC,Water system 467 – Source,138574124,source
CCP_138574124_DST,Water system 467 – Distribution point,138574124,distribution
CCP_138574125_SRC,Water system 468 – Source,138574125,source
CCP_138574125_DST,Water system 468 – Distribution point,138574125,distribution
CCP_138574126_SRC,Water system 469 – Source,138574126,source
CCP_138574126_DST,Water system 469 – Distribution point,138574126,distribution
CCP_138574127_SRC,Water system 470 – Source,138574127,source
CCP_138574127_DST,Water system 470 – Distribution point,138574127,distribution
CCP_138574128_SRC,Water system 471 – Source,138574128,source
CCP_138574128_DST,Water system 471 – Distribution point,138574128,distribution
CCP_138574129_SRC,Water system 472 – Source,138574129,source
CCP_138574129_DST,Water system 472 – Distribution point,138574129,distribution
CCP_138574130_SRC,Water system 473 – Source,138574130,source
CCP_138574130_DST,Water system 473 – Distribution point,138574130,distribution
CCP_138574131_SRC,Water system 474 – Source,138574131,source
CCP_138574131_DST,Water system 474 – Distribution point,138574131,distribution
CCP_138574132_SRC,Water system 475 – Source,138574132,source
CCP_138574132_DST,Water system 475 – Distribution point,138574132,distribution
CCP_138574133_SRC,Water system 476 – Source,138574133,source
CCP_138574133_DST,Water system 476 – Distribution point,138574133,distribution
CCP_138574134_SRC,Water system 477 – Source,138574134,source
CCP_138574134_DST,Water system 477 – Distribution point,138574134,distribution
CCP_138574135_SRC,Water system 478 – Source,138574135,source
CCP_138574135_DST,Water system 478 – Distribution point,138574135,distribution
CCP_138574136_SRC,Water system 479 – Source,138574136,source
CCP_138574136_DST,Water system 479 – Distribution point,138574136,distribution
CCP_138574137_SRC,Water system 480 – Source,138574137,source
CCP_138574137_DST,Water system 480 – Distribution point,138574137,distribution
CCP_138574138_SRC,Water system 481 – Source,138574138,source
CCP_138574138_DST,Water system 481 – Distribution point,138574138,distribution
CCP_138574139_SRC,Water system 482 – Source,138574139,source
CCP_138574139_DST,Water system 482 – Distribution point,138574139,distribution
CCP_138574140_SRC,Water system 483 – Source,138574140,source
CCP_138574140_DST,Water system 483 – Distribution point,138574140,distribution
CCP_138574141_SRC,Water system 484 – Source,138574141,source
CCP_138574141_DST,Water system 484 – Distribution point,138574141,distribution
CCP_138574142_SRC,Water system 485 – Source,138574142,source
CCP_138574142_DST,Water system 485 – Distribution point,138574142,distribution
CCP_138574143_SRC,Water system 486 – Source,138574143,source
CCP_138574143_DST,Water system 486 – Distribution point,138574143,distribution
CCP_138574144_SRC,Water system 487 – Source,138574144,source
CCP_138574144_DST,Water system 487 – Distribution point,138574144,distribution
CCP_138574145_SRC,Water system 488 – Source,138574145,source
CCP_138574145_DST,Water system 488 – Distribution point,138574145,distribution
CCP_138574146_SRC,Water system 489 – Source,138574146,source
CCP_138574146_DST,Water system 489 – Distribution point,138574146,distribution
CCP_138574147_SRC,Water system 490 – Source,138574147,source
CCP_138574147_DST,Water system 490 – Distribution point,138574147,distribution
CCP_138574148_SRC,Water system 491 – Source,138574148,source
CCP_138574148_DST,Water system 491 – Distribution point,138574148,distribution
CCP_138574149_SRC,Water system 492 – Source,138574149,source
CCP_138574149_DST,Water system 492 – Distribution point,138574149,distribution
CCP_138574150_SRC,Water system 493 – Source,138574150,source
CCP_138574150_DST,Water system 493 – Distribution point,138574150,distribution
CCP_138574151_SRC,Water system 494 – Source,138574151,source
CCP_138574151_DST,Water system 494 – Distribution point,138574151,distribution
CCP_138574152_SRC,Water system 495 – Source,138574152,source
CCP_138574152_DST,Water system 495 – Distribution point,138574152,distribution
CCP_138574153_SRC,Water system 496 – Source,138574153,source
CCP_138574153_DST,Water system 496 – Distribution point,138574153,distribution
CCP_138574154_SRC,Water system 497 – Source,138574154,source
CCP_138574154_DST,Water system 497 – Distribution point,138574154,distribution
CCP_138574155_SRC,Water system 498 – Source,138574155,source
CCP_138574155_DST,Water system 498 – Distribution point,138574155,distribution
CCP_138574156_SRC,Water system 499 – Source,138574156,source
CCP_138574156_DST,Water system 499 – Distribution point,138574156,distribution
CCP_138574157_SRC,Water system 500 – Source,138574157,source
CCP_138574157_DST,Water system 500 – Distribution point,138574157,distribution
CCP_138574158_SRC,Water system 501 – Source,138574158,source
CCP_138574158_DST,Water system 501 – Distribution point,138574158,distribution
CCP_138574159_SRC,Water system 502 – Source,138574159,source
CCP_138574159_DST,Water system 502 – Distribution point,138574159,distribution
CCP_138574160_SRC,Water system 503 – Source,138574160,source
CCP_138574160_DST,Water system 503 – Distribution point,138574160,distribution
CCP_138574161_SRC,Water system 504 – Source,138574161,source
CCP_138574161_DST,Water system 504 – Distribution point,138574161,distribution
CCP_138574162_SRC,Water system 505 – Source,138574162,source
CCP_138574162_DST,Water system 505 – Distribution point,138574162,distribution
CCP_138574163_SRC,Water system 506 – Source,138574163,source
CCP_138574163_DST,Water system 506 – Distribution point,138574163,distribution
CCP_138574164_SRC,Water system 507 – Source,138574164,source
CCP_138574164_DST,Water system 507 – Distribution point,138574164,distribution
CCP_138574165_SRC,Water system 508 – Source,138574165,source
CCP_138574165_DST,Water system 508 – Distribution point,138574165,distribution
CCP_138574166_SRC,Water system 509 – Source,138574166,source
CCP_138574166_DST,Water system 509 – Distribution point,138574166,distribution
CCP_138574167_SRC,Water system 510 – Source,138574167,source
CCP_138574167_DST,Water system 510 – Distribution point,138574167,distribution
CCP_138574168_SRC,Water system 511 – Source,138574168,source
CCP_138574168_DST,Water system 511 – Distribution point,138574168,distribution
CCP_138574169_SRC,Water system 512 – Source,138574169,source
CCP_138574169_DST,Water system 512 – Distribution point,138574169,distribution
CCP_138574170_SRC,Water system 513 – Source,138574170,source
CCP_138574170_DST,Water system 513 – Distribution point,138574170,distribution
CCP_138574171_SRC,Water system 514 – Source,138574171,source
CCP_138574171_DST,Water system 514 – Distribution point,138574171,distribution
CCP_138574172_SRC,Water system 515 – Source,138574172,source
CCP_138574172_DST,Water system 515 – Distribution point,138574172,distribution
CCP_138574173_SRC,Water system 516 – Source,138574173,source
CCP_138574173_DST,Water system 516 – Distribution point,138574173,distribution
CCP_138574174_SRC,Water system 517 – Source,138574174,source
CCP_138574174_DST,Water system 517 – Distribution point,138574174,distribution
CCP_138574175_SRC,Water system 518 – Source,138574175,source
CCP_138574175_DST,Water system 518 – Distribution point,138574175,distribution
CCP_138574176_SRC,Water system 519 – Source,138574176,source
CCP_138574176_DST,Water system 519 – Distribution point,138574176,distribution
CCP_138574177_SRC,Water system 520 – Source,138574177,source
CCP_138574177_DST,Water system 520 – Distribution point,138574177,distribution
CCP_138574178_SRC,Water system 521 – Source,138574178,source
CCP_138574178_DST,Water system 521 – Distribution point,138574178,distribution
CCP_138574179_SRC,Water system 522 – Source,138574179,source
CCP_138574179_DST,Water system 522 – Distribution point,138574179,distribution
CCP_138574180_SRC,Water system 523 – Source,138574180,source
CCP_138574180_DST,Water system 523 – Distribution point,138574180,distribution
CCP_138574181_SRC,Water system 524 – Source,138574181,source
CCP_138574181_DST,Water system 524 – Distribution point,138574181,distribution
CCP_138574182_SRC,Water system 525 – Source,138574182,source
CCP_138574182_DST,Water system 525 – Distribution point,138574182,distribution
CCP_138574183_SRC,Water system 526 – Source,138574183,source
CCP_138574183_DST,Water system 526 – Distribution point,138574183,distribution
CCP_138574184_SRC,Water system 527 – Source,138574184,source
CCP_138574184_DST,Water system 527 – Distribution point,138574184,distribution
CCP_138574185_SRC,Water system 528 – Source,138574185,source
CCP_138574185_DST,Water system 528 – Distribution point,138574185,distribution
CCP_138574186_SRC,Water system 529 – Source,138574186,source
CCP_138574186_DST,Water system 529 – Distribution point,138574186,distribution
CCP_138574187_SRC,Water system 530 – Source,138574187,source
CCP_138574187_DST,Water system 530 – Distribution point,138574187,distribution
CCP_138574188_SRC,Water system 531 – Source,138574188,source
CCP_138574188_DST,Water system 531 – Distribution point,138574188,distribution
CCP_138574189_SRC,Water system 532 – Source,138574189,source
CCP_138574189_DST,Water system 532 – Distribution point,138574189,distribution
CCP_138574190_SRC,Water system 533 – Source,138574190,source
CCP_138574190_DST,Water system 533 – Distribution point,138574190,distribution
CCP_138574191_SRC,Water system 534 – Source,138574191,source
CCP_138574191_DST,Water system 534 – Distribution point,138574191,distribution
CCP_138574192_SRC,Water system 535 – Source,138574192,source
CCP_138574192_DST,Water system 535 – Distribution point,138574192,distribution
CCP_138574193_SRC,Water system 536 – Source,138574193,source
CCP_138574193_DST,Water system 536 – Distribution point,138574193,distribution
CCP_138574194_SRC,Water system 537 – Source,138574194,source
CCP_138574194_DST,Water system 537 – Distribution point,138574194,distribution
CCP_138574195_SRC,Water system 538 – Source,138574195,source
CCP_138574195_DST,Water system 538 – Distribution point,138574195,distribution
CCP_138574196_SRC,Water system 539 – Source,138574196,source
CCP_138574196_DST,Water system 539 – Distribution point,138574196,distribution
CCP_138574197_SRC,Water system 540 – Source,138574197,source
CCP_138574197_DST,Water system 540 – Distribution point,138574197,distribution
CCP_138574198_SRC,Water system 541 – Source,138574198,source
CCP_138574198_DST,Water system 541 – Distribution point,138574198,distribution
CCP_138574199_SRC,Water system 542 – Source,138574199,source
CCP_138574199_DST,Water system 542 – Distribution point,138574199,distribution
CCP_138574200_SRC,Water system 543 – Source,138574200,source
CCP_138574200_DST,Water system 543 – Distribution point,138574200,distribution
CCP_138574201_SRC,Water system 544 – Source,138574201,source
CCP_138574201_DST,Water system 544 – Distribution point,138574201,distribution
CCP_138574202_SRC,Water system 545 – Source,138574202,source
CCP_138574202_DST,Water system 545 – Distribution point,138574202,distribution
CCP_138574203_SRC,Water system 546 – Source,138574203,source
CCP_138574203_DST,Water system 546 – Distribution point,138574203,distribution
CCP_138574204_SRC,Water system 547 – Source,138574204,source
CCP_138574204_DST,Water system 547 – Distribution point,138574204,distribution
CCP_138574205_SRC,Water system 548 – Source,138574205,source
CCP_138574205_DST,Water system 548 – Distribution point,138574205,distribution
CCP_138574206_SRC,Water system 549 – Source,138574206,source
CCP_138574206_DST,Water system 549 – Distribution point,138574206,distribution
CCP_138574207_SRC,Water system 550 – Source,138574207,source
CCP_138574207_DST,Water system 550 – Distribution point,138574207,distribution
CCP_138574208_SRC,Water system 551 – Source,138574208,source
CCP_138574208_DST,Water system 551 – Distribution point,138574208,distribution
CCP_138574209_SRC,Water system 552 – Source,138574209,source
CCP_138574209_DST,Water system 552 – Distribution point,138574209,distribution
CCP_138574210_SRC,Water system 553 – Source,138574210,source
CCP_138574210_DST,Water system 553 – Distribution point,138574210,distribution
CCP_138574211_SRC,Water system 554 – Source,138574211,source
CCP_138574211_DST,Water system 554 – Distribution point,138574211,distribution
CCP_138574212_SRC,Water system 555 – Source,138574212,source
CCP_138574212_DST,Water system 555 – Distribution point,138574212,distribution
CCP_138574213_SRC,Water system 556 – Source,138574213,source
CCP_138574213_DST,Water system 556 – Distribution point,138574213,distribution
CCP_138574214_SRC,Water system 557 – Source,138574214,source
CCP_138574214_DST,Water system 557 – Distribution point,138574214,distribution
CCP_138574215_SRC,Water system 558 – Source,138574215,source
CCP_138574215_DST,Water system 558 – Distribution point,138574215,distribution
CCP_138574216_SRC,Water system 559 – Source,138574216,source
CCP_138574216_DST,Water system 559 – Distribution point,138574216,distribution
CCP_138574217_SRC,Water system 560 – Source,138574217,source
CCP_138574217_DST,Water system 560 – Distribution point,138574217,distribution
CCP_138574218_SRC,Water system 561 – Source,138574218,source
CCP_138574218_DST,Water system 561 – Distribution point,138574218,distribution
CCP_138574219_SRC,Water system 562 – Source,138574219,source
CCP_138574219_DST,Water system 562 – Distribution point,138574219,distribution
CCP_138574220_SRC,Water system 563 – Source,138574220,source
CCP_138574220_DST,Water system 563 – Distribution point,138574220,distribution
CCP_138574221_SRC,Water system 564 – Source,138574221,source
CCP_138574221_DST,Water system 564 – Distribution point,138574221,distribution
CCP_138574222_SRC,Water system 565 – Source,138574222,source
CCP_138574222_DST,Water system 565 – Distribution point,138574222,distribution
CCP_138574223_SRC,Water system 566 – Source,138574223,source
CCP_138574223_DST,Water system 566 – Distribution point,138574223,distribution
CCP_138574224_SRC,Water system 567 – Source,138574224,source
CCP_138574224_DST,Water system 567 – Distribution point,138574224,distribution
CCP_138574225_SRC,Water system 568 – Source,138574225,source
CCP_138574225_DST,Water system 568 – Distribution point,138574225,distribution
CCP_138574226_SRC,Water system 569 – Source,138574226,source
CCP_138574226_DST,Water system 569 – Distribution point,138574226,distribution
CCP_138574227_SRC,Water system 570 – Source,138574227,source
CCP_138574227_DST,Water system 570 – Distribution point,138574227,distribution
CCP_138574228_SRC,Water system 571 – Source,138574228,source
CCP_138574228_DST,Water system 571 – Distribution point,138574228,distribution
CCP_138574229_SRC,Water system 572 – Source,138574229,source
CCP_138574229_DST,Water system 572 – Distribution point,138574229,distribution
CCP_138574230_SRC,Water system 573 – Source,138574230,source
CCP_138574230_DST,Water system 573 – Distribution point,138574230,distribution
CCP_138574231_SRC,Water system 574 – Source,138574231,source
CCP_138574231_DST,Water system 574 – Distribution point,138574231,distribution
CCP_138574232_SRC,Water system 575 – Source,138574232,source
CCP_138574232_DST,Water system 575 – Distribution point,138574232,distribution
CCP_138574233_SRC,Water system 576 – Source,138574233,source
CCP_138574233_DST,Water system 576 – Distribution point,138574233,distribution
CCP_138574234_SRC,Water system 577 – Source,138574234,source
CCP_138574234_DST,Water system 577 – Distribution point,138574234,distribution
CCP_138574235_SRC,Water system 578 – Source,138574235,source
CCP_138574235_DST,Water system 578 – Distribution point,138574235,distribution
CCP_138574236_SRC,Water system 579 – Source,138574236,source
CCP_138574236_DST,Water system 579 – Distribution point,138574236,distribution
CCP_138574237_SRC,Water system 580 – Source,138574237,source
CCP_138574237_DST,Water system 580 – Distribution point,138574237,distribution
CCP_138574238_SRC,Water system 581 – Source,138574238,source
CCP_138574238_DST,Water system 581 – Distribution point,138574238,distribution
CCP_138574239_SRC,Water system 582 – Source,138574239,source
CCP_138574239_DST,Water system 582 – Distribution point,138574239,distribution
CCP_138574240_SRC,Water system 583 – Source,138574240,source
CCP_138574240_DST,Water system 583 – Distribution point,138574240,distribution
CCP_138574241_SRC,Water system 584 – Source,138574241,source
CCP_138574241_DST,Water system 584 – Distribution point,138574241,distribution
CCP_138574242_SRC,Water system 585 – Source,138574242,source
CCP_138574242_DST,Water system 585 – Distribution point,138574242,distribution
CCP_138574243_SRC,Water system 586 – Source,138574243,source
CCP_138574243_DST,Water system 586 – Distribution point,138574243,distribution
CCP_138574244_SRC,Water system 587 – Source,138574244,source
CCP_138574244_DST,Water system 587 – Distribution point,138574244,distribution
CCP_138574245_SRC,Water system 588 – Source,138574245,source
CCP_138574245_DST,Water system 588 – Distribution point,138574245,distribution
CCP_138574246_SRC,Water system 589 – Source,138574246,source
CCP_138574246_DST,Water system 589 – Distribution point,138574246,distribution
CCP_138574247_SRC,Water system 590 – Source,138574247,source
CCP_138574247_DST,Water system 590 – Distribution point,138574247,distribution
CCP_138574248_SRC,Water system 591 – Source,138574248,source
CCP_138574248_DST,Water system 591 – Distribution point,138574248,distribution
CCP_138574249_SRC,Water system 592 – Source,138574249,source
CCP_138574249_DST,Water system 592 – Distribution point,138574249,distribution
CCP_138574250_SRC,Water system 593 – Source,138574250,source
CCP_138574250_DST,Water system 593 – Distribution point,138574250,distribution
CCP_138574251_SRC,Water system 594 – Source,138574251,source
CCP_138574251_DST,Water system 594 – Distribution point,138574251,distribution
CCP_138574252_SRC,Water system 595 – Source,138574252,source
CCP_138574252_DST,Water system 595 – Distribution point,138574252,distribution
CCP_138574253_SRC,Water system 596 – Source,138574253,source
CCP_138574253_DST,Water system 596 – Distribution point,138574253,distribution
CCP_138574254_SRC,Water system 597 – Source,138574254,source
CCP_138574254_DST,Water system 597 – Distribution point,138574254,distribution
CCP_138574255_SRC,Water system 598 – Source,138574255,source
CCP_138574255_DST,Water system 598 – Distribution point,138574255,distribution
CCP_138574256_SRC,Water system 599 – Source,138574256,source
CCP_138574256_DST,Water system 599 – Distribution point,138574256,distribution
CCP_138574257_SRC,Water system 600 – Source,138574257,source
CCP_138574257_DST,Water system 600 – Distribution point,138574257,distribution
CCP_138574258_SRC,Water system 601 – Source,138574258,source
CCP_138574258_DST,Water system 601 – Distribution point,138574258,distribution
CCP_138574259_SRC,Water system 602 – Source,138574259,source
CCP_138574259_DST,Water system 602 – Distribution point,138574259,distribution
CCP_138574260_SRC,Water system 603 – Source,138574260,source
CCP_138574260_DST,Water system 603 – Distribution point,138574260,distribution
CCP_138574261_SRC,Water system 604 – Source,138574261,source
CCP_138574261_DST,Water system 604 – Distribution point,138574261,distribution
CCP_138574262_SRC,Water system 605 – Source,138574262,source
CCP_138574262_DST,Water system 605 – Distribution point,138574262,distribution
CCP_138574263_SRC,Water system 606 – Source,138574263,source
CCP_138574263_DST,Water system 606 – Distribution point,138574263,distribution
CCP_138574264_SRC,Water system 607 – Source,138574264,source
CCP_138574264_DST,Water system 607 – Distribution point,138574264,distribution
CCP_138574265_SRC,Water system 608 – Source,138574265,source
CCP_138574265_DST,Water system 608 – Distribution point,138574265,distribution
CCP_138574266_SRC,Water system 609 – Source,138574266,source
CCP_138574266_DST,Water system 609 – Distribution point,138574266,distribution
CCP_138574267_SRC,Water system 610 – Source,138574267,source
CCP_138574267_DST,Water system 610 – Distribution point,138574267,distribution
CCP_138574268_SRC,Water system 611 – Source,138574268,source
CCP_138574268_DST,Water system 611 – Distribution point,138574268,distribution
CCP_138574269_SRC,Water system 612 – Source,138574269,source
CCP_138574269_DST,Water system 612 – Distribution point,138574269,distribution
CCP_138574270_SRC,Water system 613 – Source,138574270,source
CCP_138574270_DST,Water system 613 – Distribution point,138574270,distribution
CCP_138574271_SRC,Water system 614 – Source,138574271,source
CCP_138574271_DST,Water system 614 – Distribution point,138574271,distribution
CCP_138574272_SRC,Water system 615 – Source,138574272,source
CCP_138574272_DST,Water system 615 – Distribution point,138574272,distribution
CCP_138574273_SRC,Water system 616 – Source,138574273,source
CCP_138574273_DST,Water system 616 – Distribution point,138574273,distribution
CCP_138574274_SRC,Water system 617 – Source,138574274,source
CCP_138574274_DST,Water system 617 – Distribution point,138574274,distribution
CCP_138574275_SRC,Water system 618 – Source,138574275,source
CCP_138574275_DST,Water system 618 – Distribution point,138574275,distribution
CCP_138574276_SRC,Water system 619 – Source,138574276,source
CCP_138574276_DST,Water system 619 – Distribution point,138574276,distribution
CCP_138574277_SRC,Water system 620 – Source,138574277,source
CCP_138574277_DST,Water system 620 – Distribution point,138574277,distribution
CCP_138574278_SRC,Water system 621 – Source,138574278,source
CCP_138574278_DST,Water system 621 – Distribution point,138574278,distribution
CCP_138574279_SRC,Water system 622 – Source,138574279,source
CCP_138574279_DST,Water system 622 – Distribution point,138574279,distribution
CCP_138574280_SRC,Water system 623 – Source,138574280,source
CCP_138574280_DST,Water system 623 – Distribution point,138574280,distribution
CCP_138574281_SRC,Water system 624 – Source,138574281,source
CCP_138574281_DST,Water system 624 – Distribution point,138574281,distribution
CCP_138574282_SRC,Water system 625 – Source,138574282,source
CCP_138574282_DST,Water system 625 – Distribution point,138574282,distribution
CCP_138574283_SRC,Water system 626 – Source,138574283,source
CCP_138574283_DST,Water system 626 – Distribution point,138574283,distribution
CCP_138574284_SRC,Water system 627 – Source,138574284,source
CCP_138574284_DST,Water system 627 – Distribution point,138574284,distribution
CCP_138574285_SRC,Water system 628 – Source,138574285,source
CCP_138574285_DST,Water system 628 – Distribution point,138574285,distribution
CCP_138574286_SRC,Water system 629 – Source,138574286,source
CCP_138574286_DST,Water system 629 – Distribution point,138574286,distribution
CCP_138574287_SRC,Water system 630 – Source,138574287,source
CCP_138574287_DST,Water system 630 – Distribution point,138574287,distribution
CCP_138574288_SRC,Water system 631 – Source,138574288,source
CCP_138574288_DST,Water system 631 – Distribution point,138574288,distribution
CCP_138574289_SRC,Water system 632 – Source,138574289,source
CCP_138574289_DST,Water system 632 – Distribution point,138574289,distribution
CCP_138574290_SRC,Water system 633 – Source,138574290,source
CCP_138574290_DST,Water system 633 – Distribution point,138574290,distribution
CCP_138574291_SRC,Water system 634 – Source,138574291,source
CCP_138574291_DST,Water system 634 – Distribution point,138574291,distribution
CCP_138574292_SRC,Water system 635 – Source,138574292,source
CCP_138574292_DST,Water system 635 – Distribution point,138574292,distribution
CCP_138574293_SRC,Water system 636 – Source,138574293,source
CCP_138574293_DST,Water system 636 – Distribution point,138574293,distribution
CCP_138574294_SRC,Water system 637 – Source,138574294,source
CCP_138574294_DST,Water system 637 – Distribution point,138574294,distribution
CCP_138574295_SRC,Water system 638 – Source,138574295,source
CCP_138574295_DST,Water system 638 – Distribution point,138574295,distribution
CCP_138574296_SRC,Water system 639 – Source,138574296,source
CCP_138574296_DST,Water system 639 – Distribution point,138574296,distribution
CCP_138574297_SRC,Water system 640 – Source,138574297,source
CCP_138574297_DST,Water system 640 – Distribution point,138574297,distribution
CCP_138574298_SRC,Water system 641 – Source,138574298,source
CCP_138574298_DST,Water system 641 – Distribution point,138574298,distribution
CCP_138574299_SRC,Water system 642 – Source,138574299,source
CCP_138574299_DST,Water system 642 – Distribution point,138574299,distribution
CCP_138574300_SRC,Water system 643 – Source,138574300,source
CCP_138574300_DST,Water system 643 – Distribution point,138574300,distribution
CCP_138574301_SRC,Water system 644 – Source,138574301,source
CCP_138574301_DST,Water system 644 – Distribution point,138574301,distribution
CCP_138574302_SRC,Water system 645 – Source,138574302,source
CCP_138574302_DST,Water system 645 – Distribution point,138574302,distribution
CCP_138574303_SRC,Water system 646 – Source,138574303,source
CCP_138574303_DST,Water system 646 – Distribution point,138574303,distribution
CCP_138574304_SRC,Water system 647 – Source,138574304,source
CCP_138574304_DST,Water system 647 – Distribution point,138574304,distribution
CCP_138574305_SRC,Water system 648 – Source,138574305,source
CCP_138574305_DST,Water system 648 – Distribution point,138574305,distribution
CCP_138574306_SRC,Water system 649 – Source,138574306,source
CCP_138574306_DST,Water system 649 – Distribution point,138574306,distribution
CCP_138574307_SRC,Water system 650 – Source,138574307,source
CCP_138574307_DST,Water system 650 – Distribution point,138574307,distribution
CCP_138574308_SRC,Water system 651 – Source,138574308,source
CCP_138574308_DST,Water system 651 – Distribution point,138574308,distribution
CCP_138574309_SRC,Water system 652 – Source,138574309,source
CCP_138574309_DST,Water system 652 – Distribution point,138574309,distribution
CCP_138574310_SRC,Water system 653 – Source,138574310,source
CCP_138574310_DST,Water system 653 – Distribution point,138574310,distribution
CCP_138574311_SRC,Water system 654 – Source,138574311,source
CCP_138574311_DST,Water system 654 – Distribution point,138574311,distribution
CCP_138574312_SRC,Water system 655 – Source,138574312,source
CCP_138574312_DST,Water system 655 – Distribution point,138574312,distribution
CCP_138574313_SRC,Water system 656 – Source,138574313,source
CCP_138574313_DST,Water system 656 – Distribution point,138574313,distribution
CCP_138574314_SRC,Water system 657 – Source,138574314,source
CCP_138574314_DST,Water system 657 – Distribution point,138574314,distribution
CCP_138574315_SRC,Water system 658 – Source,138574315,source
CCP_138574315_DST,Water system 658 – Distribution point,138574315,distribution
CCP_138574316_SRC,Water system 659 – Source,138574316,source
CCP_138574316_DST,Water system 659 – Distribution point,138574316,distribution
CCP_138574317_SRC,Water system 660 – Source,138574317,source
CCP_138574317_DST,Water system 660 – Distribution point,138574317,distribution
CCP_138574318_SRC,Water system 661 – Source,138574318,source
CCP_138574318_DST,Water system 661 – Distribution point,138574318,distribution
CCP_138574319_SRC,Water system 662 – Source,138574319,source
CCP_138574319_DST,Water system 662 – Distribution point,138574319,distribution
CCP_138574320_SRC,Water system 663 – Source,138574320,source
CCP_138574320_DST,Water system 663 – Distribution point,138574320,distribution
CCP_138574321_SRC,Water system 664 – Source,138574321,source
CCP_138574321_DST,Water system 664 – Distribution point,138574321,distribution
CCP_138574322_SRC,Water system 665 – Source,138574322,source
CCP_138574322_DST,Water system 665 – Distribution point,138574322,distribution
CCP_138574323_SRC,Water system 666 – Source,138574323,source
CCP_138574323_DST,Water system 666 – Distribution point,138574323,distribution
CCP_138574324_SRC,Water system 667 – Source,138574324,source
CCP_138574324_DST,Water system 667 – Distribution point,138574324,distribution
CCP_138574325_SRC,Water system 668 – Source,138574325,source
CCP_138574325_DST,Water system 668 – Distribution point,138574325,distribution
CCP_138574326_SRC,Water system 669 – Source,138574326,source
CCP_138574326_DST,Water system 669 – Distribution point,138574326,distribution
CCP_138574327_SRC,Water system 670 – Source,138574327,source
CCP_138574327_DST,Water system 670 – Distribution point,138574327,distribution
CCP_138574328_SRC,Water system 671 – Source,138574328,source
CCP_138574328_DST,Water system 671 – Distribution point,138574328,distribution
CCP_138574329_SRC,Water system 672 – Source,138574329,source
CCP_138574329_DST,Water system 672 – Distribution point,138574329,distribution
CCP_138574330_SRC,Water system 673 – Source,138574330,source
CCP_138574330_DST,Water system 673 – Distribution point,138574330,distribution
CCP_138574331_SRC,Water system 674 – Source,138574331,source
CCP_138574331_DST,Water system 674 – Distribution point,138574331,distribution
CCP_138574332_SRC,Water system 675 – Source,138574332,source
CCP_138574332_DST,Water system 675 – Distribution point,138574332,distribution
CCP_138574333_SRC,Water system 676 – Source,138574333,source
CCP_138574333_DST,Water system 676 – Distribution point,138574333,distribution
CCP_138574334_SRC,Water system 677 – Source,138574334,source
CCP_138574334_DST,Water system 677 – Distribution point,138574334,distribution
CCP_138574335_SRC,Water system 678 – Source,138574335,source
CCP_138574335_DST,Water system 678 – Distribution point,138574335,distribution
CCP_138574336_SRC,Water system 679 – Source,138574336,source
CCP_138574336_DST,Water system 679 – Distribution point,138574336,distribution
CCP_138574337_SRC,Water system 680 – Source,138574337,source
CCP_138574337_DST,Water system 680 – Distribution point,138574337,distribution
CCP_138574338_SRC,Water system 681 – Source,138574338,source
CCP_138574338_DST,Water system 681 – Distribution point,138574338,distribution
CCP_138574339_SRC,Water system 682 – Source,138574339,source
CCP_138574339_DST,Water system 682 – Distribution point,138574339,distribution
CCP_138574340_SRC,Water system 683 – Source,138574340,source
CCP_138574340_DST,Water system 683 – Distribution point,138574340,distribution
CCP_138574341_SRC,Water system 684 – Source,138574341,source
CCP_138574341_DST,Water system 684 – Distribution point,138574341,distribution
CCP_138574342_SRC,Water system 685 – Source,138574342,source
CCP_138574342_DST,Water system 685 – Distribution point,138574342,distribution
CCP_138574343_SRC,Water system 686 – Source,138574343,source
CCP_138574343_DST,Water system 686 – Distribution point,138574343,distribution
CCP_138574344_SRC,Water system 687 – Source,138574344,source
CCP_138574344_DST,Water system 687 – Distribution point,138574344,distribution
CCP_138574345_SRC,Water system 688 – Source,138574345,source
CCP_138574345_DST,Water system 688 – Distribution point,138574345,distribution
CCP_138574346_SRC,Water system 689 – Source,138574346,source
CCP_138574346_DST,Water system 689 – Distribution point,138574346,distribution
CCP_138574347_SRC,Water system 690 – Source,138574347,source
CCP_138574347_DST,Water system 690 – Distribution point,138574347,distribution
CCP_138574348_SRC,Water system 691 – Source,138574348,source
CCP_138574348_DST,Water system 691 – Distribution point,138574348,distribution
CCP_138574349_SRC,Water system 692 – Source,138574349,source
CCP_138574349_DST,Water system 692 – Distribution point,138574349,distribution
CCP_138574350_SRC,Water system 693 – Source,138574350,source
CCP_138574350_DST,Water system 693 – Distribution point,138574350,distribution
CCP_138574351_SRC,Water system 694 – Source,138574351,source
CCP_138574351_DST,Water system 694 – Distribution point,138574351,distribution
CCP_138574352_SRC,Water system 695 – Source,138574352,source
CCP_138574352_DST,Water system 695 – Distribution point,138574352,distribution
CCP_138574353_SRC,Water system 696 – Source,138574353,source
CCP_138574353_DST,Water system 696 – Distribution point,138574353,distribution
CCP_138574354_SRC,Water system 697 – Source,138574354,source
CCP_138574354_DST,Water system 697 – Distribution point,138574354,distribution
CCP_138574355_SRC,Water system 698 – Source,138574355,source
CCP_138574355_DST,Water system 698 – Distribution point,138574355,distribution
CCP_138574356_SRC,Water system 699 – Source,138574356,source
CCP_138574356_DST,Water system 699 – Distribution point,138574356,distribution
CCP_138574357_SRC,Water system 700 – Source,138574357,source
CCP_138574357_DST,Water system 700 – Distribution point,138574357,distribution
CCP_138574358_SRC,Water system 701 – Source,138574358,source
CCP_138574358_DST,Water system 701 – Distribution point,138574358,distribution
CCP_138574359_SRC,Water system 702 – Source,138574359,source
CCP_138574359_DST,Water system 702 – Distribution point,138574359,distribution
CCP_138574360_SRC,Water system 703 – Source,138574360,source
CCP_138574360_DST,Water system 703 – Distribution point,138574360,distribution
CCP_138574361_SRC,Water system 704 – Source,138574361,source
CCP_138574361_DST,Water system 704 – Distribution point,138574361,distribution
CCP_138574362_SRC,Water system 705 – Source,138574362,source
CCP_138574362_DST,Water system 705 – Distribution point,138574362,distribution
CCP_138574363_SRC,Water system 706 – Source,138574363,source
CCP_138574363_DST,Water system 706 – Distribution point,138574363,distribution
CCP_138574364_SRC,Water system 707 – Source,138574364,source
CCP_138574364_DST,Water system 707 – Distribution point,138574364,distribution
CCP_138574365_SRC,Water system 708 – Source,138574365,source
CCP_138574365_DST,Water system 708 – Distribution point,138574365,distribution
CCP_138574366_SRC,Water system 709 – Source,138574366,source
CCP_138574366_DST,Water system 709 – Distribution point,138574366,distribution
CCP_138574367_SRC,Water system 710 – Source,138574367,source
CCP_138574367_DST,Water system 710 – Distribution point,138574367,distribution
CCP_138574368_SRC,Water system 711 – Source,138574368,source
CCP_138574368_DST,Water system 711 – Distribution point,138574368,distribution
CCP_138574369_SRC,Water system 712 – Source,138574369,source
CCP_138574369_DST,Water system 712 – Distribution point,138574369,distribution
CCP_138574370_SRC,Water system 713 – Source,138574370,source
CCP_138574370_DST,Water system 713 – Distribution point,138574370,distribution
CCP_138574371_SRC,Water system 714 – Source,138574371,source
CCP_138574371_DST,Water system 714 – Distribution point,138574371,distribution
CCP_138574372_SRC,Water system 715 – Source,138574372,source
CCP_138574372_DST,Water system 715 – Distribution point,138574372,distribution
CCP_138574373_SRC,Water system 716 – Source,138574373,source
CCP_138574373_DST,Water system 716 – Distribution point,138574373,distribution
CCP_138574374_SRC,Water system 717 – Source,138574374,source
CCP_138574374_DST,Water system 717 – Distribution point,138574374,distribution
CCP_138574375_SRC,Water system 718 – Source,138574375,source
CCP_138574375_DST,Water system 718 – Distribution point,138574375,distribution
CCP_138574376_SRC,Water system 719 – Source,138574376,source
CCP_138574376_DST,Water system 719 – Distribution point,138574376,distribution
CCP_138574377_SRC,Water system 720 – Source,138574377,source
CCP_138574377_DST,Water system 720 – Distribution point,138574377,distribution
CCP_138574378_SRC,Water system 721 – Source,138574378,source
CCP_138574378_DST,Water system 721 – Distribution point,138574378,distribution
CCP_138574379_SRC,Water system 722 – Source,138574379,source
CCP_138574379_DST,Water system 722 – Distribution point,138574379,distribution
CCP_138574380_SRC,Water system 723 – Source,138574380,source
CCP_138574380_DST,Water system 723 – Distribution point,138574380,distribution
CCP_138574381_SRC,Water system 724 – Source,138574381,source
CCP_138574381_DST,Water system 724 – Distribution point,138574381,distribution
CCP_138574382_SRC,Water system 725 – Source,138574382,source
CCP_138574382_DST,Water system 725 – Distribution point,138574382,distribution
CCP_138574383_SRC,Water system 726 – Source,138574383,source
CCP_138574383_DST,Water system 726 – Distribution point,138574383,distribution
CCP_138574384_SRC,Water system 727 – Source,138574384,source
CCP_138574384_DST,Water system 727 – Distribution point,138574384,distribution
CCP_138574385_SRC,Water system 728 – Source,138574385,source
CCP_138574385_DST,Water system 728 – Distribution point,138574385,distribution
CCP_138574386_SRC,Water system 729 – Source,138574386,source
CCP_138574386_DST,Water system 729 – Distribution point,138574386,distribution
CCP_138574387_SRC,Water system 730 – Source,138574387,source
CCP_138574387_DST,Water system 730 – Distribution point,138574387,distribution
CCP_138574388_SRC,Water system 731 – Source,138574388,source
CCP_138574388_DST,Water system 731 – Distribution point,138574388,distribution
CCP_138574389_SRC,Water system 732 – Source,138574389,source
CCP_138574389_DST,Water system 732 – Distribution point,138574389,distribution
CCP_138574390_SRC,Water system 733 – Source,138574390,source
CCP_138574390_DST,Water system 733 – Distribution point,138574390,distribution
CCP_138574391_SRC,Water system 734 – Source,138574391,source
CCP_138574391_DST,Water system 734 – Distribution point,138574391,distribution
CCP_138574392_SRC,Water system 735 – Source,138574392,source
CCP_138574392_DST,Water system 735 – Distribution point,138574392,distribution
CCP_138574393_SRC,Water system 736 – Source,138574393,source
CCP_138574393_DST,Water system 736 – Distribution point,138574393,distribution
CCP_138574394_SRC,Water system 737 – Source,138574394,source
CCP_138574394_DST,Water system 737 – Distribution point,138574394,distribution
CCP_138574395_SRC,Water system 738 – Source,138574395,source
CCP_138574395_DST,Water system 738 – Distribution point,138574395,distribution
CCP_138574396_SRC,Water system 739 – Source,138574396,source
CCP_138574396_DST,Water system 739 – Distribution point,138574396,distribution
CCP_138574397_SRC,Water system 740 – Source,138574397,source
CCP_138574397_DST,Water system 740 – Distribution point,138574397,distribution
CCP_138574398_SRC,Water system 741 – Source,138574398,source
CCP_138574398_DST,Water system 741 – Distribution point,138574398,distribution
CCP_138574399_SRC,Water system 742 – Source,138574399,source
CCP_138574399_DST,Water system 742 – Distribution point,138574399,distribution
CCP_138574400_SRC,Water system 743 – Source,138574400,source
CCP_138574400_DST,Water system 743 – Distribution point,138574400,distribution
CCP_138574401_SRC,Water system 744 – Source,138574401,source
CCP_138574401_DST,Water system 744 – Distribution point,138574401,distribution
CCP_138574402_SRC,Water system 745 – Source,138574402,source
CCP_138574402_DST,Water system 745 – Distribution point,138574402,distribution
CCP_138574403_SRC,Water system 746 – Source,138574403,source
CCP_138574403_DST,Water system 746 – Distribution point,138574403,distribution
CCP_138574404_SRC,Water system 747 – Source,138574404,source
CCP_138574404_DST,Water system 747 – Distribution point,138574404,distribution
CCP_138574405_SRC,Water system 748 – Source,138574405,source
CCP_138574405_DST,Water system 748 – Distribution point,138574405,distribution
CCP_138574406_SRC,Water system 749 – Source,138574406,source
CCP_138574406_DST,Water system 749 – Distribution point,138574406,distribution
CCP_138574407_SRC,Water system 750 – Source,138574407,source
CCP_138574407_DST,Water system 750 – Distribution point,138574407,distribution
CCP_138574408_SRC,Water system 751 – Source,138574408,source
CCP_138574408_DST,Water system 751 – Distribution point,138574408,distribution
CCP_138574409_SRC,Water system 752 – Source,138574409,source
CCP_138574409_DST,Water system 752 – Distribution point,138574409,distribution
CCP_138574410_SRC,Water system 753 – Source,138574410,source
CCP_138574410_DST,Water system 753 – Distribution point,138574410,distribution
CCP_138574411_SRC,Water system 754 – Source,138574411,source
CCP_138574411_DST,Water system 754 – Distribution point,138574411,distribution
CCP_138574412_SRC,Water system 755 – Source,138574412,source
CCP_138574412_DST,Water system 755 – Distribution point,138574412,distribution
CCP_138574413_SRC,Water system 756 – Source,138574413,source
CCP_138574413_DST,Water system 756 – Distribution point,138574413,distribution
CCP_138574414_SRC,Water system 757 – Source,138574414,source
CCP_138574414_DST,Water system 757 – Distribution point,138574414,distribution
CCP_138574415_SRC,Water system 758 – Source,138574415,source
CCP_138574415_DST,Water system 758 – Distribution point,138574415,distribution
CCP_138574416_SRC,Water system 759 – Source,138574416,source
CCP_138574416_DST,Water system 759 – Distribution point,138574416,distribution
CCP_138574417_SRC,Water system 760 – Source,138574417,source
CCP_138574417_DST,Water system 760 – Distribution point,138574417,distribution
CCP_138574418_SRC,Water system 761 – Source,138574418,source
CCP_138574418_DST,Water system 761 – Distribution point,138574418,distribution
CCP_138574419_SRC,Water system 762 – Source,138574419,source
CCP_138574419_DST,Water system 762 – Distribution point,138574419,distribution
CCP_138574420_SRC,Water system 763 – Source,138574420,source
CCP_138574420_DST,Water system 763 – Distribution point,138574420,distribution
CCP_138574421_SRC,Water system 764 – Source,138574421,source
CCP_138574421_DST,Water system 764 – Distribution point,138574421,distribution
CCP_138574422_SRC,Water system 765 – Source,138574422,source
CCP_138574422_DST,Water system 765 – Distribution point,138574422,distribution
CCP_138574423_SRC,Water system 766 – Source,138574423,source
CCP_138574423_DST,Water system 766 – Distribution point,138574423,distribution
CCP_138574424_SRC,Water system 767 – Source,138574424,source
CCP_138574424_DST,Water system 767 – Distribution point,138574424,distribution
CCP_138574425_SRC,Water system 768 – Source,138574425,source
CCP_138574425_DST,Water system 768 – Distribution point,138574425,distribution
CCP_138574426_SRC,Water system 769 – Source,138574426,source
CCP_138574426_DST,Water system 769 – Distribution point,138574426,distribution
CCP_138574427_SRC,Water system 770 – Source,138574427,source
CCP_138574427_DST,Water system 770 – Distribution point,138574427,distribution
CCP_138574428_SRC,Water system 771 – Source,138574428,source
CCP_138574428_DST,Water system 771 – Distribution point,138574428,distribution
CCP_138574429_SRC,Water system 772 – Source,138574429,source
CCP_138574429_DST,Water system 772 – Distribution point,138574429,distribution
CCP_138574430_SRC,Water system 773 – Source,138574430,source
CCP_138574430_DST,Water system 773 – Distribution point,138574430,distribution
CCP_138574431_SRC,Water system 774 – Source,138574431,source
CCP_138574431_DST,Water system 774 – Distribution point,138574431,distribution
CCP_138574432_SRC,Water system 775 – Source,138574432,source
CCP_138574432_DST,Water system 775 – Distribution point,138574432,distribution
CCP_138574433_SRC,Water system 776 – Source,138574433,source
CCP_138574433_DST,Water system 776 – Distribution point,138574433,distribution
CCP_138574434_SRC,Water system 777 – Source,138574434,source
CCP_138574434_DST,Water system 777 – Distribution point,138574434,distribution
CCP_138574435_SRC,Water system 778 – Source,138574435,source
CCP_138574435_DST,Water system 778 – Distribution point,138574435,distribution
CCP_138574436_SRC,Water system 779 – Source,138574436,source
CCP_138574436_DST,Water system 779 – Distribution point,138574436,distribution
CCP_138574437_SRC,Water system 780 – Source,138574437,source
CCP_138574437_DST,Water system 780 – Distribution point,138574437,distribution
CCP_138574438_SRC,Water system 781 – Source,138574438,source
CCP_138574438_DST,Water system 781 – Distribution point,138574438,distribution
CCP_138574439_SRC,Water system 782 – Source,138574439,source
CCP_138574439_DST,Water system 782 – Distribution point,138574439,distribution
CCP_138574440_SRC,Water system 783 – Source,138574440,source
CCP_138574440_DST,Water system 783 – Distribution point,138574440,distribution
CCP_138574441_SRC,Water system 784 – Source,138574441,source
CCP_138574441_DST,Water system 784 – Distribution point,138574441,distribution
CCP_138574442_SRC,Water system 785 – Source,138574442,source
CCP_138574442_DST,Water system 785 – Distribution point,138574442,distribution
CCP_138574443_SRC,Water system 786 – Source,138574443,source
CCP_138574443_DST,Water system 786 – Distribution point,138574443,distribution
CCP_138574444_SRC,Water system 787 – Source,138574444,source
CCP_138574444_DST,Water system 787 – Distribution point,138574444,distribution
CCP_138574445_SRC,Water system 788 – Source,138574445,source
CCP_138574445_DST,Water system 788 – Distribution point,138574445,distribution
CCP_138574446_SRC,Water system 789 – Source,138574446,source
CCP_138574446_DST,Water system 789 – Distribution point,138574446,distribution
CCP_138574447_SRC,Water system 790 – Source,138574447,source
CCP_138574447_DST,Water system 790 – Distribution point,138574447,distribution
CCP_138574448_SRC,Water system 791 – Source,138574448,source
CCP_138574448_DST,Water system 791 – Distribution point,138574448,distribution
CCP_138574449_SRC,Water system 792 – Source,138574449,source
CCP_138574449_DST,Water system 792 – Distribution point,138574449,distribution
CCP_138574450_SRC,Water system 793 – Source,138574450,source
CCP_138574450_DST,Water system 793 – Distribution point,138574450,distribution
CCP_138574451_SRC,Water system 794 – Source,138574451,source
CCP_138574451_DST,Water system 794 – Distribution point,138574451,distribution
CCP_138574452_SRC,Water system 795 – Source,138574452,source
CCP_138574452_DST,Water system 795 – Distribution point,138574452,distribution
CCP_138574453_SRC,Water system 796 – Source,138574453,source
CCP_138574453_DST,Water system 796 – Distribution point,138574453,distribution
CCP_138574454_SRC,Water system 797 – Source,138574454,source
CCP_138574454_DST,Water system 797 – Distribution point,138574454,distribution
CCP_138574455_SRC,Water system 798 – Source,138574455,source
CCP_138574455_DST,Water system 798 – Distribution point,138574455,distribution
CCP_138574456_SRC,Water system 799 – Source,138574456,source
CCP_138574456_DST,Water system 799 – Distribution point,138574456,distribution
CCP_138574457_SRC,Water system 800 – Source,138574457,source
CCP_138574457_DST,Water system 800 – Distribution point,138574457,distribution
CCP_138574458_SRC,Water system 801 – Source,138574458,source
CCP_138574458_DST,Water system 801 – Distribution point,138574458,distribution
CCP_138574459_SRC,Water system 802 – Source,138574459,source
CCP_138574459_DST,Water system 802 – Distribution point,138574459,distribution
CCP_138574460_SRC,Water system 803 – Source,138574460,source
CCP_138574460_DST,Water system 803 – Distribution point,138574460,distribution
CCP_138574461_SRC,Water system 804 – Source,138574461,source
CCP_138574461_DST,Water system 804 – Distribution point,138574461,distribution
CCP_138574462_SRC,Water system 805 – Source,138574462,source
CCP_138574462_DST,Water system 805 – Distribution point,138574462,distribution
CCP_138574463_SRC,Water system 806 – Source,138574463,source
CCP_138574463_DST,Water system 806 – Distribution point,138574463,distribution
CCP_138574464_SRC,Water system 807 – Source,138574464,source
CCP_138574464_DST,Water system 807 – Distribution point,138574464,distribution
CCP_138574465_SRC,Water system 808 – Source,138574465,source
CCP_138574465_DST,Water system 808 – Distribution point,138574465,distribution
CCP_138574466_SRC,Water system 809 – Source,138574466,source
CCP_138574466_DST,Water system 809 – Distribution point,138574466,distribution
CCP_138574467_SRC,Water system 810 – Source,138574467,source
CCP_138574467_DST,Water system 810 – Distribution point,138574467,distribution
CCP_138574468_SRC,Water system 811 – Source,138574468,source
CCP_138574468_DST,Water system 811 – Distribution point,138574468,distribution
CCP_138574469_SRC,Water system 812 – Source,138574469,source
CCP_138574469_DST,Water system 812 – Distribution point,138574469,distribution
CCP_138574470_SRC,Water system 813 – Source,138574470,source
CCP_138574470_DST,Water system 813 – Distribution point,138574470,distribution
CCP_138574471_SRC,Water system 814 – Source,138574471,source
CCP_138574471_DST,Water system 814 – Distribution point,138574471,distribution
CCP_138574472_SRC,Water system 815 – Source,138574472,source
CCP_138574472_DST,Water system 815 – Distribution point,138574472,distribution
CCP_138574473_SRC,Water system 816 – Source,138574473,source
CCP_138574473_DST,Water system 816 – Distribution point,138574473,distribution
CCP_138574474_SRC,Water system 817 – Source,138574474,source
CCP_138574474_DST,Water system 817 – Distribution point,138574474,distribution
CCP_138574475_SRC,Water system 818 – Source,138574475,source
CCP_138574475_DST,Water system 818 – Distribution point,138574475,distribution
CCP_138574476_SRC,Water system 819 – Source,138574476,source
CCP_138574476_DST,Water system 819 – Distribution point,138574476,distribution
CCP_138574477_SRC,Water system 820 – Source,138574477,source
CCP_138574477_DST,Water system 820 – Distribution point,138574477,distribution
CCP_138574478_SRC,Water system 821 – Source,138574478,source
CCP_138574478_DST,Water system 821 – Distribution point,138574478,distribution
CCP_138574479_SRC,Water system 822 – Source,138574479,source
CCP_138574479_DST,Water system 822 – Distribution point,138574479,distribution
CCP_138574480_SRC,Water system 823 – Source,138574480,source
CCP_138574480_DST,Water system 823 – Distribution point,138574480,distribution
CCP_138574481_SRC,Water system 824 – Source,138574481,source
CCP_138574481_DST,Water system 824 – Distribution point,138574481,distribution
CCP_138574482_SRC,Water system 825 – Source,138574482,source
CCP_138574482_DST,Water system 825 – Distribution point,138574482,distribution
CCP_138574483_SRC,Water system 826 – Source,138574483,source
CCP_138574483_DST,Water system 826 – Distribution point,138574483,distribution
CCP_138574484_SRC,Water system 827 – Source,138574484,source
CCP_138574484_DST,Water system 827 – Distribution point,138574484,distribution
CCP_138574485_SRC,Water system 828 – Source,138574485,source
CCP_138574485_DST,Water system 828 – Distribution point,138574485,distribution
CCP_138574486_SRC,Water system 829 – Source,138574486,source
CCP_138574486_DST,Water system 829 – Distribution point,138574486,distribution
CCP_138574487_SRC,Water system 830 – Source,138574487,source
CCP_138574487_DST,Water system 830 – Distribution point,138574487,distribution
CCP_138574488_SRC,Water system 831 – Source,138574488,source
CCP_138574488_DST,Water system 831 – Distribution point,138574488,distribution
CCP_138574489_SRC,Water system 832 – Source,138574489,source
CCP_138574489_DST,Water system 832 – Distribution point,138574489,distribution
CCP_138574490_SRC,Water system 833 – Source,138574490,source
CCP_138574490_DST,Water system 833 – Distribution point,138574490,distribution
CCP_138574491_SRC,Water system 834 – Source,138574491,source
CCP_138574491_DST,Water system 834 – Distribution point,138574491,distribution
CCP_138574492_SRC,Water system 835 – Source,138574492,source
CCP_138574492_DST,Water system 835 – Distribution point,138574492,distribution
CCP_138574493_SRC,Water system 836 – Source,138574493,source
CCP_138574493_DST,Water system 836 – Distribution point,138574493,distribution
CCP_138574494_SRC,Water system 837 – Source,138574494,source
CCP_138574494_DST,Water system 837 – Distribution point,138574494,distribution
CCP_138574495_SRC,Water system 838 – Source,138574495,source
CCP_138574495_DST,Water system 838 – Distribution point,138574495,distribution
CCP_138574496_SRC,Water system 839 – Source,138574496,source
CCP_138574496_DST,Water system 839 – Distribution point,138574496,distribution
CCP_138574497_SRC,Water system 840 – Source,138574497,source
CCP_138574497_DST,Water system 840 – Distribution point,138574497,distribution
CCP_138574498_SRC,Water system 841 – Source,138574498,source
CCP_138574498_DST,Water system 841 – Distribution point,138574498,distribution
CCP_138574499_SRC,Water system 842 – Source,138574499,source
CCP_138574499_DST,Water system 842 – Distribution point,138574499,distribution
CCP_138574500_SRC,Water system 843 – Source,138574500,source
CCP_138574500_DST,Water system 843 – Distribution point,138574500,distribution
CCP_138574501_SRC,Water system 844 – Source,138574501,source
CCP_138574501_DST,Water system 844 – Distribution point,138574501,distribution
CCP_138574502_SRC,Water system 845 – Source,138574502,source
CCP_138574502_DST,Water system 845 – Distribution point,138574502,distribution
CCP_138574503_SRC,Water system 846 – Source,138574503,source
CCP_138574503_DST,Water system 846 – Distribution point,138574503,distribution
CCP_138574504_SRC,Water system 847 – Source,138574504,source
CCP_138574504_DST,Water system 847 – Distribution point,138574504,distribution
CCP_138574505_SRC,Water system 848 – Source,138574505,source
CCP_138574505_DST,Water system 848 – Distribution point,138574505,distribution
CCP_138574506_SRC,Water system 849 – Source,138574506,source
CCP_138574506_DST,Water system 849 – Distribution point,138574506,distribution
CCP_138574507_SRC,Water system 850 – Source,138574507,source
CCP_138574507_DST,Water system 850 – Distribution point,138574507,distribution
CCP_138574508_SRC,Water system 851 – Source,138574508,source
CCP_138574508_DST,Water system 851 – Distribution point,138574508,distribution
CCP_138574509_SRC,Water system 852 – Source,138574509,source
CCP_138574509_DST,Water system 852 – Distribution point,138574509,distribution
CCP_138574510_SRC,Water system 853 – Source,138574510,source
CCP_138574510_DST,Water system 853 – Distribution point,138574510,distribution
CCP_138574511_SRC,Water system 854 – Source,138574511,source
CCP_138574511_DST,Water system 854 – Distribution point,138574511,distribution
CCP_138574512_SRC,Water system 855 – Source,138574512,source
CCP_138574512_DST,Water system 855 – Distribution point,138574512,distribution
CCP_138574513_SRC,Water system 856 – Source,138574513,source
CCP_138574513_DST,Water system 856 – Distribution point,138574513,distribution
CCP_138574514_SRC,Water system 857 – Source,138574514,source
CCP_138574514_DST,Water system 857 – Distribution point,138574514,distribution
CCP_138574515_SRC,Water system 858 – Source,138574515,source
CCP_138574515_DST,Water system 858 – Distribution point,138574515,distribution
CCP_138574516_SRC,Water system 859 – Source,138574516,source
CCP_138574516_DST,Water system 859 – Distribution point,138574516,distribution
CCP_138574517_SRC,Water system 860 – Source,138574517,source
CCP_138574517_DST,Water system 860 – Distribution point,138574517,distribution
CCP_138574518_SRC,Water system 861 – Source,138574518,source
CCP_138574518_DST,Water system 861 – Distribution point,138574518,distribution
CCP_138574519_SRC,Water system 862 – Source,138574519,source
CCP_138574519_DST,Water system 862 – Distribution point,138574519,distribution
CCP_138574520_SRC,Water system 863 – Source,138574520,source
CCP_138574520_DST,Water system 863 – Distribution point,138574520,distribution
CCP_138574521_SRC,Water system 864 – Source,138574521,source
CCP_138574521_DST,Water system 864 – Distribution point,138574521,distribution
CCP_138574522_SRC,Water system 865 – Source,138574522,source
CCP_138574522_DST,Water system 865 – Distribution point,138574522,distribution
CCP_138574523_SRC,Water system 866 – Source,138574523,source
CCP_138574523_DST,Water system 866 – Distribution point,138574523,distribution
CCP_138574524_SRC,Water system 867 – Source,138574524,source
CCP_138574524_DST,Water system 867 – Distribution point,138574524,distribution
CCP_138574525_SRC,Water system 868 – Source,138574525,source
CCP_138574525_DST,Water system 868 – Distribution point,138574525,distribution
CCP_138574526_SRC,Water system 869 – Source,138574526,source
CCP_138574526_DST,Water system 869 – Distribution point,138574526,distribution
CCP_138574527_SRC,Water system 870 – Source,138574527,source
CCP_138574527_DST,Water system 870 – Distribution point,138574527,distribution
CCP_138574528_SRC,Water system 871 – Source,138574528,source
CCP_138574528_DST,Water system 871 – Distribution point,138574528,distribution
CCP_138574529_SRC,Water system 872 – Source,138574529,source
CCP_138574529_DST,Water system 872 – Distribution point,138574529,distribution
CCP_138574530_SRC,Water system 873 – Source,138574530,source
CCP_138574530_DST,Water system 873 – Distribution point,138574530,distribution
CCP_138574531_SRC,Water system 874 – Source,138574531,source
CCP_138574531_DST,Water system 874 – Distribution point,138574531,distribution
CCP_138574532_SRC,Water system 875 – Source,138574532,source
CCP_138574532_DST,Water system 875 – Distribution point,138574532,distribution
CCP_138574533_SRC,Water system 876 – Source,138574533,source
CCP_138574533_DST,Water system 876 – Distribution point,138574533,distribution
CCP_138574534_SRC,Water system 877 – Source,138574534,source
CCP_138574534_DST,Water system 877 – Distribution point,138574534,distribution
CCP_138574535_SRC,Water system 878 – Source,138574535,source
CCP_138574535_DST,Water system 878 – Distribution point,138574535,distribution
CCP_138574536_SRC,Water system 879 – Source,138574536,source
CCP_138574536_DST,Water system 879 – Distribution point,138574536,distribution
CCP_138574537_SRC,Water system 880 – Source,138574537,source
CCP_138574537_DST,Water system 880 – Distribution point,138574537,distribution
CCP_138574538_SRC,Water system 881 – Source,138574538,source
CCP_138574538_DST,Water system 881 – Distribution point,138574538,distribution
CCP_138574539_SRC,Water system 882 – Source,138574539,source
CCP_138574539_DST,Water system 882 – Distribution point,138574539,distribution
CCP_138574540_SRC,Water system 883 – Source,138574540,source
CCP_138574540_DST,Water system 883 – Distribution point,138574540,distribution
CCP_138574541_SRC,Water system 884 – Source,138574541,source
CCP_138574541_DST,Water system 884 – Distribution point,138574541,distribution
CCP_138574542_SRC,Water system 885 – Source,138574542,source
CCP_138574542_DST,Water system 885 – Distribution point,138574542,distribution
CCP_138574543_SRC,Water system 886 – Source,138574543,source
CCP_138574543_DST,Water system 886 – Distribution point,138574543,distribution
CCP_138574544_SRC,Water system 887 – Source,138574544,source
CCP_138574544_DST,Water system 887 – Distribution point,138574544,distribution
CCP_138574545_SRC,Water system 888 – Source,138574545,source
CCP_138574545_DST,Water system 888 – Distribution point,138574545,distribution
CCP_138574546_SRC,Water system 889 – Source,138574546,source
CCP_138574546_DST,Water system 889 – Distribution point,138574546,distribution
CCP_138574547_SRC,Water system 890 – Source,138574547,source
CCP_138574547_DST,Water system 890 – Distribution point,138574547,distribution
CCP_138574548_SRC,Water system 891 – Source,138574548,source
CCP_138574548_DST,Water system 891 – Distribution point,138574548,distribution
CCP_138574549_SRC,Water system 892 – Source,138574549,source
CCP_138574549_DST,Water system 892 – Distribution point,138574549,distribution
CCP_138574550_SRC,Water system 893 – Source,138574550,source
CCP_138574550_DST,Water system 893 – Distribution point,138574550,distribution
CCP_138574551_SRC,Water system 894 – Source,138574551,source
CCP_138574551_DST,Water system 894 – Distribution point,138574551,distribution
CCP_138574552_SRC,Water system 895 – Source,138574552,source
CCP_138574552_DST,Water system 895 – Distribution point,138574552,distribution
CCP_138574553_SRC,Water system 896 – Source,138574553,source
CCP_138574553_DST,Water system 896 – Distribution point,138574553,distribution
CCP_138574554_SRC,Water system 897 – Source,138574554,source
CCP_138574554_DST,Water system 897 – Distribution point,138574554,distribution
CCP_138574555_SRC,Water system 898 – Source,138574555,source
CCP_138574555_DST,Water system 898 – Distribution point,138574555,distribution
CCP_138574556_SRC,Water system 899 – Source,138574556,source
CCP_138574556_DST,Water system 899 – Distribution point,138574556,distribution
CCP_138574557_SRC,Water system 900 – Source,138574557,source
CCP_138574557_DST,Water system 900 – Distribution point,138574557,distribution
CCP_138574558_SRC,Water system 901 – Source,138574558,source
CCP_138574558_DST,Water system 901 – Distribution point,138574558,distribution
CCP_138574559_SRC,Water system 902 – Source,138574559,source
CCP_138574559_DST,Water system 902 – Distribution point,138574559,distribution
CCP_138574560_SRC,Water system 903 – Source,138574560,source
CCP_138574560_DST,Water system 903 – Distribution point,138574560,distribution
CCP_138574561_SRC,Water system 904 – Source,138574561,source
CCP_138574561_DST,Water system 904 – Distribution point,138574561,distribution
CCP_138574562_SRC,Water system 905 – Source,138574562,source
CCP_138574562_DST,Water system 905 – Distribution point,138574562,distribution
CCP_138574563_SRC,Water system 906 – Source,138574563,source
CCP_138574563_DST,Water system 906 – Distribution point,138574563,distribution
CCP_138574564_SRC,Water system 907 – Source,138574564,source
CCP_138574564_DST,Water system 907 – Distribution point,138574564,distribution
CCP_138574565_SRC,Water system 908 – Source,138574565,source
CCP_138574565_DST,Water system 908 – Distribution point,138574565,distribution
CCP_138574566_SRC,Water system 909 – Source,138574566,source
CCP_138574566_DST,Water system 909 – Distribution point,138574566,distribution
CCP_138574567_SRC,Water system 910 – Source,138574567,source
CCP_138574567_DST,Water system 910 – Distribution point,138574567,distribution
CCP_138574568_SRC,Water system 911 – Source,138574568,source
CCP_138574568_DST,Water system 911 – Distribution point,138574568,distribution
CCP_138574569_SRC,Water system 912 – Source,138574569,source
CCP_138574569_DST,Water system 912 – Distribution point,138574569,distribution
CCP_138574570_SRC,Water system 913 – Source,138574570,source
CCP_138574570_DST,Water system 913 – Distribution point,138574570,distribution
CCP_138574571_SRC,Water system 914 – Source,138574571,source
CCP_138574571_DST,Water system 914 – Distribution point,138574571,distribution
CCP_138574572_SRC,Water system 915 – Source,138574572,source
CCP_138574572_DST,Water system 915 – Distribution point,138574572,distribution
CCP_138574573_SRC,Water system 916 – Source,138574573,source
CCP_138574573_DST,Water system 916 – Distribution point,138574573,distribution
CCP_138574574_SRC,Water system 917 – Source,138574574,source
CCP_138574574_DST,Water system 917 – Distribution point,138574574,distribution
CCP_138574575_SRC,Water system 918 – Source,138574575,source
CCP_138574575_DST,Water system 918 – Distribution point,138574575,distribution
CCP_138574576_SRC,Water system 919 – Source,138574576,source
CCP_138574576_DST,Water system 919 – Distribution point,138574576,distribution
CCP_138574577_SRC,Water system 920 – Source,138574577,source
CCP_138574577_DST,Water system 920 – Distribution point,138574577,distribution
CCP_138574578_SRC,Water system 921 – Source,138574578,source
CCP_138574578_DST,Water system 921 – Distribution point,138574578,distribution
CCP_138574579_SRC,Water system 922 – Source,138574579,source
CCP_138574579_DST,Water system 922 – Distribution point,138574579,distribution
CCP_138574580_SRC,Water system 923 – Source,138574580,source
CCP_138574580_DST,Water system 923 – Distribution point,138574580,distribution
CCP_138574581_SRC,Water system 924 – Source,138574581,source
CCP_138574581_DST,Water system 924 – Distribution point,138574581,distribution
CCP_138574582_SRC,Water system 925 – Source,138574582,source
CCP_138574582_DST,Water system 925 – Distribution point,138574582,distribution
CCP_138574583_SRC,Water system 926 – Source,138574583,source
CCP_138574583_DST,Water system 926 – Distribution point,138574583,distribution
CCP_138574584_SRC,Water system 927 – Source,138574584,source
CCP_138574584_DST,Water system 927 – Distribution point,138574584,distribution
CCP_138574585_SRC,Water system 928 – Source,138574585,source
CCP_138574585_DST,Water system 928 – Distribution point,138574585,distribution
CCP_138574586_SRC,Water system 929 – Source,138574586,source
CCP_138574586_DST,Water system 929 – Distribution point,138574586,distribution
CCP_138574587_SRC,Water system 930 – Source,138574587,source
CCP_138574587_DST,Water system 930 – Distribution point,138574587,distribution
CCP_138574588_SRC,Water system 931 – Source,138574588,source
CCP_138574588_DST,Water system 931 – Distribution point,138574588,distribution
CCP_138574589_SRC,Water system 932 – Source,138574589,source
CCP_138574589_DST,Water system 932 – Distribution point,138574589,distribution
CCP_138574590_SRC,Water system 933 – Source,138574590,source
CCP_138574590_DST,Water system 933 – Distribution point,138574590,distribution
CCP_138574591_SRC,Water system 934 – Source,138574591,source
CCP_138574591_DST,Water system 934 – Distribution point,138574591,distribution
CCP_138574592_SRC,Water system 935 – Source,138574592,source
CCP_138574592_DST,Water system 935 – Distribution point,138574592,distribution
CCP_138574593_SRC,Water system 936 – Source,138574593,source
CCP_138574593_DST,Water system 936 – Distribution point,138574593,distribution
CCP_138574594_SRC,Water system 937 – Source,138574594,source
CCP_138574594_DST,Water system 937 – Distribution point,138574594,distribution
CCP_138574595_SRC,Water system 938 – Source,138574595,source
CCP_138574595_DST,Water system 938 – Distribution point,138574595,distribution
CCP_138574596_SRC,Water system 939 – Source,138574596,source
CCP_138574596_DST,Water system 939 – Distribution point,138574596,distribution
CCP_138574597_SRC,Water system 940 – Source,138574597,source
CCP_138574597_DST,Water system 940 – Distribution point,138574597,distribution
CCP_138574598_SRC,Water system 941 – Source,138574598,source
CCP_138574598_DST,Water system 941 – Distribution point,138574598,distribution
CCP_138574599_SRC,Water system 942 – Source,138574599,source
CCP_138574599_DST,Water system 942 – Distribution point,138574599,distribution
CCP_138574600_SRC,Water system 943 – Source,138574600,source
CCP_138574600_DST,Water system 943 – Distribution point,138574600,distribution
CCP_138574601_SRC,Water system 944 – Source,138574601,source
CCP_138574601_DST,Water system 944 – Distribution point,138574601,distribution
CCP_138574602_SRC,Water system 945 – Source,138574602,source
CCP_138574602_DST,Water system 945 – Distribution point,138574602,distribution
CCP_138574603_SRC,Water system 946 – Source,138574603,source
CCP_138574603_DST,Water system 946 – Distribution point,138574603,distribution
CCP_138574604_SRC,Water system 947 – Source,138574604,source
CCP_138574604_DST,Water system 947 – Distribution point,138574604,distribution
CCP_138574605_SRC,Water system 948 – Source,138574605,source
CCP_138574605_DST,Water system 948 – Distribution point,138574605,distribution
CCP_138574606_SRC,Water system 949 – Source,138574606,source
CCP_138574606_DST,Water system 949 – Distribution point,138574606,distribution
CCP_138574607_SRC,Water system 950 – Source,138574607,source
CCP_138574607_DST,Water system 950 – Distribution point,138574607,distribution
CCP_138574608_SRC,Water system 951 – Source,138574608,source
CCP_138574608_DST,Water system 951 – Distribution point,138574608,distribution
CCP_138574609_SRC,Water system 952 – Source,138574609,source
CCP_138574609_DST,Water system 952 – Distribution point,138574609,distribution
CCP_138574610_SRC,Water system 953 – Source,138574610,source
CCP_138574610_DST,Water system 953 – Distribution point,138574610,distribution
CCP_138574611_SRC,Water system 954 – Source,138574611,source
CCP_138574611_DST,Water system 954 – Distribution point,138574611,distribution
CCP_138574612_SRC,Water system 955 – Source,138574612,source
CCP_138574612_DST,Water system 955 – Distribution point,138574612,distribution
CCP_138574613_SRC,Water system 956 – Source,138574613,source
CCP_138574613_DST,Water system 956 – Distribution point,138574613,distribution
CCP_138574614_SRC,Water system 957 – Source,138574614,source
CCP_138574614_DST,Water system 957 – Distribution point,138574614,distribution
CCP_138574615_SRC,Water system 958 – Source,138574615,source
CCP_138574615_DST,Water system 958 – Distribution point,138574615,distribution
CCP_138574616_SRC,Water system 959 – Source,138574616,source
CCP_138574616_DST,Water system 959 – Distribution point,138574616,distribution
CCP_138574617_SRC,Water system 960 – Source,138574617,source
CCP_138574617_DST,Water system 960 – Distribution point,138574617,distribution
CCP_138574618_SRC,Water system 961 – Source,138574618,source
CCP_138574618_DST,Water system 961 – Distribution point,138574618,distribution
CCP_138574619_SRC,Water system 962 – Source,138574619,source
CCP_138574619_DST,Water system 962 – Distribution point,138574619,distribution
CCP_138574620_SRC,Water system 963 – Source,138574620,source
CCP_138574620_DST,Water system 963 – Distribution point,138574620,distribution
CCP_138574621_SRC,Water system 964 – Source,138574621,source
CCP_138574621_DST,Water system 964 – Distribution point,138574621,distribution
CCP_138574622_SRC,Water system 965 – Source,138574622,source
CCP_138574622_DST,Water system 965 – Distribution point,138574622,distribution
CCP_138574623_SRC,Water system 966 – Source,138574623,source
CCP_138574623_DST,Water system 966 – Distribution point,138574623,distribution
CCP_138574624_SRC,Water system 967 – Source,138574624,source
CCP_138574624_DST,Water system 967 – Distribution point,138574624,distribution
CCP_138574625_SRC,Water system 968 – Source,138574625,source
CCP_138574625_DST,Water system 968 – Distribution point,138574625,distribution
CCP_138574626_SRC,Water system 969 – Source,138574626,source
CCP_138574626_DST,Water system 969 – Distribution point,138574626,distribution
CCP_138574627_SRC,Water system 970 – Source,138574627,source
CCP_138574627_DST,Water system 970 – Distribution point,138574627,distribution
CCP_138574628_SRC,Water system 971 – Source,138574628,source
CCP_138574628_DST,Water system 971 – Distribution point,138574628,distribution
CCP_138574629_SRC,Water system 972 – Source,138574629,source
CCP_138574629_DST,Water system 972 – Distribution point,138574629,distribution
CCP_138574630_SRC,Water system 973 – Source,138574630,source
CCP_138574630_DST,Water system 973 – Distribution point,138574630,distribution
CCP_138574631_SRC,Water system 974 – Source,138574631,source
CCP_138574631_DST,Water system 974 – Distribution point,138574631,distribution
CCP_138574632_SRC,Water system 975 – Source,138574632,source
CCP_138574632_DST,Water system 975 – Distribution point,138574632,distribution
CCP_138574633_SRC,Water system 976 – Source,138574633,source
CCP_138574633_DST,Water system 976 – Distribution point,138574633,distribution
CCP_138574634_SRC,Water system 977 – Source,138574634,source
CCP_138574634_DST,Water system 977 – Distribution point,138574634,distribution
CCP_138574635_SRC,Water system 978 – Source,138574635,source
CCP_138574635_DST,Water system 978 – Distribution point,138574635,distribution
CCP_138574636_SRC,Water system 979 – Source,138574636,source
CCP_138574636_DST,Water system 979 – Distribution point,138574636,distribution
CCP_138574637_SRC,Water system 980 – Source,138574637,source
CCP_138574637_DST,Water system 980 – Distribution point,138574637,distribution
CCP_138574638_SRC,Water system 981 – Source,138574638,source
CCP_138574638_DST,Water system 981 – Distribution point,138574638,distribution
CCP_138574639_SRC,Water system 982 – Source,138574639,source
CCP_138574639_DST,Water system 982 – Distribution point,138574639,distribution
CCP_138574640_SRC,Water system 983 – Source,138574640,source
CCP_138574640_DST,Water system 983 – Distribution point,138574640,distribution
CCP_138574641_SRC,Water system 984 – Source,138574641,source
CCP_138574641_DST,Water system 984 – Distribution point,138574641,distribution
CCP_138574642_SRC,Water system 985 – Source,138574642,source
CCP_138574642_DST,Water system 985 – Distribution point,138574642,distribution
CCP_138574643_SRC,Water system 986 – Source,138574643,source
CCP_138574643_DST,Water system 986 – Distribution point,138574643,distribution
CCP_138574644_SRC,Water system 987 – Source,138574644,source
CCP_138574644_DST,Water system 987 – Distribution point,138574644,distribution
CCP_138574645_SRC,Water system 988 – Source,138574645,source
CCP_138574645_DST,Water system 988 – Distribution point,138574645,distribution
CCP_138574646_SRC,Water system 989 – Source,138574646,source
CCP_138574646_DST,Water system 989 – Distribution point,138574646,distribution
CCP_138574647_SRC,Water system 990 – Source,138574647,source
CCP_138574647_DST,Water system 990 – Distribution point,138574647,distribution
CCP_138574648_SRC,Water system 991 – Source,138574648,source
CCP_138574648_DST,Water system 991 – Distribution point,138574648,distribution
CCP_138574649_SRC,Water system 992 – Source,138574649,source
CCP_138574649_DST,Water system 992 – Distribution point,138574649,distribution
CCP_138574650_SRC,Water system 993 – Source,138574650,source
CCP_138574650_DST,Water system 993 – Distribution point,138574650,distribution
CCP_138574651_SRC,Water system 994 – Source,138574651,source
CCP_138574651_DST,Water system 994 – Distribution point,138574651,distribution
CCP_138574652_SRC,Water system 995 – Source,138574652,source
CCP_138574652_DST,Water system 995 – Distribution point,138574652,distribution
CCP_138574653_SRC,Water system 996 – Source,138574653,source
CCP_138574653_DST,Water system 996 – Distribution point,138574653,distribution
CCP_138574654_SRC,Water system 997 – Source,138574654,source
CCP_138574654_DST,Water system 997 – Distribution point,138574654,distribution
CCP_138574655_SRC,Water system 998 – Source,138574655,source
CCP_138574655_DST,Water system 998 – Distribution point,138574655,distribution
CCP_138574656_SRC,Water system 999 – Source,138574656,source
CCP_138574656_DST,Water system 999 – Distribution point,138574656,distribution
CCP_138574657_SRC,Water system 1000 – Source,138574657,source
CCP_138574657_DST,Water system 1000 – Distribution point,138574657,distribution
CCP_138574658_SRC,Water system 1001 – Source,138574658,source
CCP_138574658_DST,Water system 1001 – Distribution point,138574658,distribution
CCP_138574659_SRC,Water system 1002 – Source,138574659,source
CCP_138574659_DST,Water system 1002 – Distribution point,138574659,distribution
CCP_138574660_SRC,Water system 1003 – Source,138574660,source
CCP_138574660_DST,Water system 1003 – Distribution point,138574660,distribution
CCP_138574661_SRC,Water system 1004 – Source,138574661,source
CCP_138574661_DST,Water system 1004 – Distribution point,138574661,distribution
CCP_138574662_SRC,Water system 1005 – Source,138574662,source
CCP_138574662_DST,Water system 1005 – Distribution point,138574662,distribution
CCP_138574663_SRC,Water system 1006 – Source,138574663,source
CCP_138574663_DST,Water system 1006 – Distribution point,138574663,distribution
CCP_138574664_SRC,Water system 1007 – Source,138574664,source
CCP_138574664_DST,Water system 1007 – Distribution point,138574664,distribution
CCP_138574665_SRC,Water system 1008 – Source,138574665,source
CCP_138574665_DST,Water system 1008 – Distribution point,138574665,distribution
CCP_138574666_SRC,Water system 1009 – Source,138574666,source
CCP_138574666_DST,Water system 1009 – Distribution point,138574666,distribution
CCP_138574667_SRC,Water system 1010 – Source,138574667,source
CCP_138574667_DST,Water system 1010 – Distribution point,138574667,distribution
CCP_138574668_SRC,Water system 1011 – Source,138574668,source
CCP_138574668_DST,Water system 1011 – Distribution point,138574668,distribution
CCP_138574669_SRC,Water system 1012 – Source,138574669,source
CCP_138574669_DST,Water system 1012 – Distribution point,138574669,distribution
CCP_138574670_SRC,Water system 1013 – Source,138574670,source
CCP_138574670_DST,Water system 1013 – Distribution point,138574670,distribution
CCP_138574671_SRC,Water system 1014 – Source,138574671,source
CCP_138574671_DST,Water system 1014 – Distribution point,138574671,distribution
CCP_138574672_SRC,Water system 1015 – Source,138574672,source
CCP_138574672_DST,Water system 1015 – Distribution point,138574672,distribution
CCP_138574673_SRC,Water system 1016 – Source,138574673,source
CCP_138574673_DST,Water system 1016 – Distribution point,138574673,distribution
CCP_138574674_SRC,Water system 1017 – Source,138574674,source
CCP_138574674_DST,Water system 1017 – Distribution point,138574674,distribution
CCP_138574675_SRC,Water system 1018 – Source,138574675,source
CCP_138574675_DST,Water system 1018 – Distribution point,138574675,distribution
CCP_138574676_SRC,Water system 1019 – Source,138574676,source
CCP_138574676_DST,Water system 1019 – Distribution point,138574676,distribution
CCP_138574677_SRC,Water system 1020 – Source,138574677,source
CCP_138574677_DST,Water system 1020 – Distribution point,138574677,distribution
CCP_138574678_SRC,Water system 1021 – Source,138574678,source
CCP_138574678_DST,Water system 1021 – Distribution point,138574678,distribution
CCP_138574679_SRC,Water system 1022 – Source,138574679,source
CCP_138574679_DST,Water system 1022 – Distribution point,138574679,distribution
CCP_138574680_SRC,Water system 1023 – Source,138574680,source
CCP_138574680_DST,Water system 1023 – Distribution point,138574680,distribution
CCP_138574681_SRC,Water system 1024 – Source,138574681,source
CCP_138574681_DST,Water system 1024 – Distribution point,138574681,distribution
CCP_138574682_SRC,Water system 1025 – Source,138574682,source
CCP_138574682_DST,Water system 1025 – Distribution point,138574682,distribution
CCP_138574683_SRC,Water system 1026 – Source,138574683,source
CCP_138574683_DST,Water system 1026 – Distribution point,138574683,distribution
CCP_138574684_SRC,Water system 1027 – Source,138574684,source
CCP_138574684_DST,Water system 1027 – Distribution point,138574684,distribution
CCP_138574685_SRC,Water system 1028 – Source,138574685,source
CCP_138574685_DST,Water system 1028 – Distribution point,138574685,distribution
CCP_138574686_SRC,Water system 1029 – Source,138574686,source
CCP_138574686_DST,Water system 1029 – Distribution point,138574686,distribution
CCP_138574687_SRC,Water system 1030 – Source,138574687,source
CCP_138574687_DST,Water system 1030 – Distribution point,138574687,distribution
CCP_138574688_SRC,Water system 1031 – Source,138574688,source
CCP_138574688_DST,Water system 1031 – Distribution point,138574688,distribution
CCP_138574689_SRC,Water system 1032 – Source,138574689,source
CCP_138574689_DST,Water system 1032 – Distribution point,138574689,distribution
CCP_138574690_SRC,Water system 1033 – Source,138574690,source
CCP_138574690_DST,Water system 1033 – Distribution point,138574690,distribution
CCP_138574691_SRC,Water system 1034 – Source,138574691,source
CCP_138574691_DST,Water system 1034 – Distribution point,138574691,distribution
CCP_138574692_SRC,Water system 1035 – Source,138574692,source
CCP_138574692_DST,Water system 1035 – Distribution point,138574692,distribution
CCP_138574693_SRC,Water system 1036 – Source,138574693,source
CCP_138574693_DST,Water system 1036 – Distribution point,138574693,distribution
CCP_138574694_SRC,Water system 1037 – Source,138574694,source
CCP_138574694_DST,Water system 1037 – Distribution point,138574694,distribution
CCP_138574695_SRC,Water system 1038 – Source,138574695,source
CCP_138574695_DST,Water system 1038 – Distribution point,138574695,distribution
CCP_138574696_SRC,Water system 1039 – Source,138574696,source
CCP_138574696_DST,Water system 1039 – Distribution point,138574696,distribution
CCP_138574697_SRC,Water system 1040 – Source,138574697,source
CCP_138574697_DST,Water system 1040 – Distribution point,138574697,distribution
CCP_138574698_SRC,Water system 1041 – Source,138574698,source
CCP_138574698_DST,Water system 1041 – Distribution point,138574698,distribution
CCP_138574699_SRC,Water system 1042 – Source,138574699,source
CCP_138574699_DST,Water system 1042 – Distribution point,138574699,distribution
CCP_138574700_SRC,Water system 1043 – Source,138574700,source
CCP_138574700_DST,Water system 1043 – Distribution point,138574700,distribution
CCP_138574701_SRC,Water system 1044 – Source,138574701,source
CCP_138574701_DST,Water system 1044 – Distribution point,138574701,distribution
CCP_138574702_SRC,Water system 1045 – Source,138574702,source
CCP_138574702_DST,Water system 1045 – Distribution point,138574702,distribution
CCP_138574703_SRC,Water system 1046 – Source,138574703,source
CCP_138574703_DST,Water system 1046 – Distribution point,138574703,distribution
CCP_138574704_SRC,Water system 1047 – Source,138574704,source
CCP_138574704_DST,Water system 1047 – Distribution point,138574704,distribution
CCP_138574705_SRC,Water system 1048 – Source,138574705,source
CCP_138574705_DST,Water system 1048 – Distribution point,138574705,distribution
CCP_138574706_SRC,Water system 1049 – Source,138574706,source
CCP_138574706_DST,Water system 1049 – Distribution point,138574706,distribution
CCP_138574707_SRC,Water system 1050 – Source,138574707,source
CCP_138574707_DST,Water system 1050 – Distribution point,138574707,distribution
CCP_138574708_SRC,Water system 1051 – Source,138574708,source
CCP_138574708_DST,Water system 1051 – Distribution point,138574708,distribution
CCP_138574709_SRC,Water system 1052 – Source,138574709,source
CCP_138574709_DST,Water system 1052 – Distribution point,138574709,distribution
CCP_138574710_SRC,Water system 1053 – Source,138574710,source
CCP_138574710_DST,Water system 1053 – Distribution point,138574710,distribution
CCP_138574711_SRC,Water system 1054 – Source,138574711,source
CCP_138574711_DST,Water system 1054 – Distribution point,138574711,distribution
CCP_138574712_SRC,Water system 1055 – Source,138574712,source
CCP_138574712_DST,Water system 1055 – Distribution point,138574712,distribution
CCP_138574713_SRC,Water system 1056 – Source,138574713,source
CCP_138574713_DST,Water system 1056 – Distribution point,138574713,distribution
CCP_138574714_SRC,Water system 1057 – Source,138574714,source
CCP_138574714_DST,Water system 1057 – Distribution point,138574714,distribution
CCP_138574715_SRC,Water system 1058 – Source,138574715,source
CCP_138574715_DST,Water system 1058 – Distribution point,138574715,distribution
CCP_138574716_SRC,Water system 1059 – Source,138574716,source
CCP_138574716_DST,Water system 1059 – Distribution point,138574716,distribution
CCP_138574717_SRC,Water system 1060 – Source,138574717,source
CCP_138574717_DST,Water system 1060 – Distribution point,138574717,distribution
CCP_138574718_SRC,Water system 1061 – Source,138574718,source
CCP_138574718_DST,Water system 1061 – Distribution point,138574718,distribution
CCP_138574719_SRC,Water system 1062 – Source,138574719,source
CCP_138574719_DST,Water system 1062 – Distribution point,138574719,distribution
CCP_138574720_SRC,Water system 1063 – Source,138574720,source
CCP_138574720_DST,Water system 1063 – Distribution point,138574720,distribution
CCP_138574721_SRC,Water system 1064 – Source,138574721,source
CCP_138574721_DST,Water system 1064 – Distribution point,138574721,distribution
CCP_138574722_SRC,Water system 1065 – Source,138574722,source
CCP_138574722_DST,Water system 1065 – Distribution point,138574722,distribution
CCP_138574723_SRC,Water system 1066 – Source,138574723,source
CCP_138574723_DST,Water system 1066 – Distribution point,138574723,distribution
CCP_138574724_SRC,Water system 1067 – Source,138574724,source
CCP_138574724_DST,Water system 1067 – Distribution point,138574724,distribution
CCP_138574725_SRC,Water system 1068 – Source,138574725,source
CCP_138574725_DST,Water system 1068 – Distribution point,138574725,distribution
CCP_138574726_SRC,Water system 1069 – Source,138574726,source
CCP_138574726_DST,Water system 1069 – Distribution point,138574726,distribution
CCP_138574727_SRC,Water system 1070 – Source,138574727,source
CCP_138574727_DST,Water system 1070 – Distribution point,138574727,distribution
CCP_138574728_SRC,Water system 1071 – Source,138574728,source
CCP_138574728_DST,Water system 1071 – Distribution point,138574728,distribution
CCP_138574729_SRC,Water system 1072 – Source,138574729,source
CCP_138574729_DST,Water system 1072 – Distribution point,138574729,distribution
CCP_138574730_SRC,Water system 1073 – Source,138574730,source
CCP_138574730_DST,Water system 1073 – Distribution point,138574730,distribution
CCP_138574731_SRC,Water system 1074 – Source,138574731,source
CCP_138574731_DST,Water system 1074 – Distribution point,138574731,distribution
CCP_138574732_SRC,Water system 1075 – Source,138574732,source
CCP_138574732_DST,Water system 1075 – Distribution point,138574732,distribution
CCP_138574733_SRC,Water system 1076 – Source,138574733,source
CCP_138574733_DST,Water system 1076 – Distribution point,138574733,distribution
CCP_138574734_SRC,Water system 1077 – Source,138574734,source
CCP_138574734_DST,Water system 1077 – Distribution point,138574734,distribution
CCP_138574735_SRC,Water system 1078 – Source,138574735,source
CCP_138574735_DST,Water system 1078 – Distribution point,138574735,distribution
CCP_138574736_SRC,Water system 1079 – Source,138574736,source
CCP_138574736_DST,Water system 1079 – Distribution point,138574736,distribution
CCP_138574737_SRC,Water system 1080 – Source,138574737,source
CCP_138574737_DST,Water system 1080 – Distribution point,138574737,distribution
CCP_138574738_SRC,Water system 1081 – Source,138574738,source
CCP_138574738_DST,Water system 1081 – Distribution point,138574738,distribution
CCP_138574739_SRC,Water system 1082 – Source,138574739,source
CCP_138574739_DST,Water system 1082 – Distribution point,138574739,distribution
CCP_138574740_SRC,Water system 1083 – Source,138574740,source
CCP_138574740_DST,Water system 1083 – Distribution point,138574740,distribution
CCP_138574741_SRC,Water system 1084 – Source,138574741,source
CCP_138574741_DST,Water system 1084 – Distribution point,138574741,distribution
CCP_138574742_SRC,Water system 1085 – Source,138574742,source
CCP_138574742_DST,Water system 1085 – Distribution point,138574742,distribution
CCP_138574743_SRC,Water system 1086 – Source,138574743,source
CCP_138574743_DST,Water system 1086 – Distribution point,138574743,distribution
CCP_138574744_SRC,Water system 1087 – Source,138574744,source
CCP_138574744_DST,Water system 1087 – Distribution point,138574744,distribution
CCP_138574745_SRC,Water system 1088 – Source,138574745,source
CCP_138574745_DST,Water system 1088 – Distribution point,138574745,distribution
CCP_138574746_SRC,Water system 1089 – Source,138574746,source
CCP_138574746_DST,Water system 1089 – Distribution point,138574746,distribution
CCP_138574747_SRC,Water system 1090 – Source,138574747,source
CCP_138574747_DST,Water system 1090 – Distribution point,138574747,distribution
CCP_138574748_SRC,Water system 1091 – Source,138574748,source
CCP_138574748_DST,Water system 1091 – Distribution point,138574748,distribution
CCP_138574749_SRC,Water system 1092 – Source,138574749,source
CCP_138574749_DST,Water system 1092 – Distribution point,138574749,distribution
CCP_138574750_SRC,Water system 1093 – Source,138574750,source
CCP_138574750_DST,Water system 1093 – Distribution point,138574750,distribution
CCP_138574751_SRC,Water system 1094 – Source,138574751,source
CCP_138574751_DST,Water system 1094 – Distribution point,138574751,distribution
CCP_138574752_SRC,Water system 1095 – Source,138574752,source
CCP_138574752_DST,Water system 1095 – Distribution point,138574752,distribution
CCP_138574753_SRC,Water system 1096 – Source,138574753,source
CCP_138574753_DST,Water system 1096 – Distribution point,138574753,distribution
CCP_138574754_SRC,Water system 1097 – Source,138574754,source
CCP_138574754_DST,Water system 1097 – Distribution point,138574754,distribution
CCP_138574755_SRC,Water system 1098 – Source,138574755,source
CCP_138574755_DST,Water system 1098 – Distribution point,138574755,distribution
CCP_138574756_SRC,Water system 1099 – Source,138574756,source
CCP_138574756_DST,Water system 1099 – Distribution point,138574756,distribution
CCP_138574757_SRC,Water system 1100 – Source,138574757,source
CCP_138574757_DST,Water system 1100 – Distribution point,138574757,distribution
CCP_138574758_SRC,Water system 1101 – Source,138574758,source
CCP_138574758_DST,Water system 1101 – Distribution point,138574758,distribution
CCP_138574759_SRC,Water system 1102 – Source,138574759,source
CCP_138574759_DST,Water system 1102 – Distribution point,138574759,distribution
CCP_138574760_SRC,Water system 1103 – Source,138574760,source
CCP_138574760_DST,Water system 1103 – Distribution point,138574760,distribution
CCP_138574761_SRC,Water system 1104 – Source,138574761,source
CCP_138574761_DST,Water system 1104 – Distribution point,138574761,distribution
CCP_138574762_SRC,Water system 1105 – Source,138574762,source
CCP_138574762_DST,Water system 1105 – Distribution point,138574762,distribution
CCP_138574763_SRC,Water system 1106 – Source,138574763,source
CCP_138574763_DST,Water system 1106 – Distribution point,138574763,distribution
CCP_138574764_SRC,Water system 1107 – Source,138574764,source
CCP_138574764_DST,Water system 1107 – Distribution point,138574764,distribution
CCP_138574765_SRC,Water system 1108 – Source,138574765,source
CCP_138574765_DST,Water system 1108 – Distribution point,138574765,distribution
CCP_138574766_SRC,Water system 1109 – Source,138574766,source
CCP_138574766_DST,Water system 1109 – Distribution point,138574766,distribution
CCP_138574767_SRC,Water system 1110 – Source,138574767,source
CCP_138574767_DST,Water system 1110 – Distribution point,138574767,distribution
CCP_138574768_SRC,Water system 1111 – Source,138574768,source
CCP_138574768_DST,Water system 1111 – Distribution point,138574768,distribution
CCP_138574769_SRC,Water system 1112 – Source,138574769,source
CCP_138574769_DST,Water system 1112 – Distribution point,138574769,distribution
CCP_138574770_SRC,Water system 1113 – Source,138574770,source
CCP_138574770_DST,Water system 1113 – Distribution point,138574770,distribution
CCP_138574771_SRC,Water system 1114 – Source,138574771,source
CCP_138574771_DST,Water system 1114 – Distribution point,138574771,distribution
CCP_138574772_SRC,Water system 1115 – Source,138574772,source
CCP_138574772_DST,Water system 1115 – Distribution point,138574772,distribution
CCP_138574773_SRC,Water system 1116 – Source,138574773,source
CCP_138574773_DST,Water system 1116 – Distribution point,138574773,distribution
CCP_138574774_SRC,Water system 1117 – Source,138574774,source
CCP_138574774_DST,Water system 1117 – Distribution point,138574774,distribution
CCP_138574775_SRC,Water system 1118 – Source,138574775,source
CCP_138574775_DST,Water system 1118 – Distribution point,138574775,distribution
CCP_138574776_SRC,Water system 1119 – Source,138574776,source
CCP_138574776_DST,Water system 1119 – Distribution point,138574776,distribution
CCP_138574777_SRC,Water system 1120 – Source,138574777,source
CCP_138574777_DST,Water system 1120 – Distribution point,138574777,distribution
CCP_138574778_SRC,Water system 1121 – Source,138574778,source
CCP_138574778_DST,Water system 1121 – Distribution point,138574778,distribution
CCP_138574779_SRC,Water system 1122 – Source,138574779,source
CCP_138574779_DST,Water system 1122 – Distribution point,138574779,distribution
CCP_138574780_SRC,Water system 1123 – Source,138574780,source
CCP_138574780_DST,Water system 1123 – Distribution point,138574780,distribution
CCP_138574781_SRC,Water system 1124 – Source,138574781,source
CCP_138574781_DST,Water system 1124 – Distribution point,138574781,distribution
CCP_138574782_SRC,Water system 1125 – Source,138574782,source
CCP_138574782_DST,Water system 1125 – Distribution point,138574782,distribution
CCP_138574783_SRC,Water system 1126 – Source,138574783,source
CCP_138574783_DST,Water system 1126 – Distribution point,138574783,distribution
CCP_138574784_SRC,Water system 1127 – Source,138574784,source
CCP_138574784_DST,Water system 1127 – Distribution point,138574784,distribution
CCP_138574785_SRC,Water system 1128 – Source,138574785,source
CCP_138574785_DST,Water system 1128 – Distribution point,138574785,distribution
CCP_138574786_SRC,Water system 1129 – Source,138574786,source
CCP_138574786_DST,Water system 1129 – Distribution point,138574786,distribution
CCP_138574787_SRC,Water system 1130 – Source,138574787,source
CCP_138574787_DST,Water system 1130 – Distribution point,138574787,distribution
CCP_138574788_SRC,Water system 1131 – Source,138574788,source
CCP_138574788_DST,Water system 1131 – Distribution point,138574788,distribution
CCP_138574789_SRC,Water system 1132 – Source,138574789,source
CCP_138574789_DST,Water system 1132 – Distribution point,138574789,distribution
CCP_138574790_SRC,Water system 1133 – Source,138574790,source
CCP_138574790_DST,Water system 1133 – Distribution point,138574790,distribution
CCP_138574791_SRC,Water system 1134 – Source,138574791,source
CCP_138574791_DST,Water system 1134 – Distribution point,138574791,distribution
CCP_138574792_SRC,Water system 1135 – Source,138574792,source
CCP_138574792_DST,Water system 1135 – Distribution point,138574792,distribution
CCP_138574793_SRC,Water system 1136 – Source,138574793,source
CCP_138574793_DST,Water system 1136 – Distribution point,138574793,distribution
CCP_138574794_SRC,Water system 1137 – Source,138574794,source
CCP_138574794_DST,Water system 1137 – Distribution point,138574794,distribution
CCP_138574795_SRC,Water system 1138 – Source,138574795,source
CCP_138574795_DST,Water system 1138 – Distribution point,138574795,distribution
CCP_138574796_SRC,Water system 1139 – Source,138574796,source
CCP_138574796_DST,Water system 1139 – Distribution point,138574796,distribution
CCP_138574797_SRC,Water system 1140 – Source,138574797,source
CCP_138574797_DST,Water system 1140 – Distribution point,138574797,distribution
CCP_138574798_SRC,Water system 1141 – Source,138574798,source
CCP_138574798_DST,Water system 1141 – Distribution point,138574798,distribution
CCP_138574799_SRC,Water system 1142 – Source,138574799,source
CCP_138574799_DST,Water system 1142 – Distribution point,138574799,distribution
CCP_138574800_SRC,Water system 1143 – Source,138574800,source
CCP_138574800_DST,Water system 1143 – Distribution point,138574800,distribution
CCP_138574801_SRC,Water system 1144 – Source,138574801,source
CCP_138574801_DST,Water system 1144 – Distribution point,138574801,distribution
CCP_138574802_SRC,Water system 1145 – Source,138574802,source
CCP_138574802_DST,Water system 1145 – Distribution point,138574802,distribution
CCP_138574803_SRC,Water system 1146 – Source,138574803,source
CCP_138574803_DST,Water system 1146 – Distribution point,138574803,distribution
CCP_138574804_SRC,Water system 1147 – Source,138574804,source
CCP_138574804_DST,Water system 1147 – Distribution point,138574804,distribution
CCP_138574805_SRC,Water system 1148 – Source,138574805,source
CCP_138574805_DST,Water system 1148 – Distribution point,138574805,distribution
CCP_138574806_SRC,Water system 1149 – Source,138574806,source
CCP_138574806_DST,Water system 1149 – Distribution point,138574806,distribution
CCP_138574807_SRC,Water system 1150 – Source,138574807,source
CCP_138574807_DST,Water system 1150 – Distribution point,138574807,distribution
CCP_138574808_SRC,Water system 1151 – Source,138574808,source
CCP_138574808_DST,Water system 1151 – Distribution point,138574808,distribution
CCP_138574809_SRC,Water system 1152 – Source,138574809,source
CCP_138574809_DST,Water system 1152 – Distribution point,138574809,distribution
CCP_138574810_SRC,Water system 1153 – Source,138574810,source
CCP_138574810_DST,Water system 1153 – Distribution point,138574810,distribution
CCP_138574811_SRC,Water system 1154 – Source,138574811,source
CCP_138574811_DST,Water system 1154 – Distribution point,138574811,distribution
CCP_138574812_SRC,Water system 1155 – Source,138574812,source
CCP_138574812_DST,Water system 1155 – Distribution point,138574812,distribution
CCP_138574813_SRC,Water system 1156 – Source,138574813,source
CCP_138574813_DST,Water system 1156 – Distribution point,138574813,distribution
CCP_138574814_SRC,Water system 1157 – Source,138574814,source
CCP_138574814_DST,Water system 1157 – Distribution point,138574814,distribution
CCP_138574815_SRC,Water system 1158 – Source,138574815,source
CCP_138574815_DST,Water system 1158 – Distribution point,138574815,distribution
CCP_138574816_SRC,Water system 1159 – Source,138574816,source
CCP_138574816_DST,Water system 1159 – Distribution point,138574816,distribution
CCP_138574817_SRC,Water system 1160 – Source,138574817,source
CCP_138574817_DST,Water system 1160 – Distribution point,138574817,distribution
CCP_138574818_SRC,Water system 1161 – Source,138574818,source
CCP_138574818_DST,Water system 1161 – Distribution point,138574818,distribution
CCP_138574819_SRC,Water system 1162 – Source,138574819,source
CCP_138574819_DST,Water system 1162 – Distribution point,138574819,distribution
CCP_138574820_SRC,Water system 1163 – Source,138574820,source
CCP_138574820_DST,Water system 1163 – Distribution point,138574820,distribution
CCP_138574821_SRC,Water system 1164 – Source,138574821,source
CCP_138574821_DST,Water system 1164 – Distribution point,138574821,distribution
CCP_138574822_SRC,Water system 1165 – Source,138574822,source
CCP_138574822_DST,Water system 1165 – Distribution point,138574822,distribution
CCP_138574823_SRC,Water system 1166 – Source,138574823,source
CCP_138574823_DST,Water system 1166 – Distribution point,138574823,distribution
CCP_138574824_SRC,Water system 1167 – Source,138574824,source
CCP_138574824_DST,Water system 1167 – Distribution point,138574824,distribution
CCP_138574825_SRC,Water system 1168 – Source,138574825,source
CCP_138574825_DST,Water system 1168 – Distribution point,138574825,distribution
CCP_138574826_SRC,Water system 1169 – Source,138574826,source
CCP_138574826_DST,Water system 1169 – Distribution point,138574826,distribution
CCP_138574827_SRC,Water system 1170 – Source,138574827,source
CCP_138574827_DST,Water system 1170 – Distribution point,138574827,distribution
CCP_138574828_SRC,Water system 1171 – Source,138574828,source
CCP_138574828_DST,Water system 1171 – Distribution point,138574828,distribution
CCP_138574829_SRC,Water system 1172 – Source,138574829,source
CCP_138574829_DST,Water system 1172 – Distribution point,138574829,distribution
CCP_138574830_SRC,Water system 1173 – Source,138574830,source
CCP_138574830_DST,Water system 1173 – Distribution point,138574830,distribution
CCP_138574831_SRC,Water system 1174 – Source,138574831,source
CCP_138574831_DST,Water system 1174 – Distribution point,138574831,distribution
CCP_138574832_SRC,Water system 1175 – Source,138574832,source
CCP_138574832_DST,Water system 1175 – Distribution point,138574832,distribution
CCP_138574833_SRC,Water system 1176 – Source,138574833,source
CCP_138574833_DST,Water system 1176 – Distribution point,138574833,distribution
CCP_138574834_SRC,Water system 1177 – Source,138574834,source
CCP_138574834_DST,Water system 1177 – Distribution point,138574834,distribution
CCP_138574835_SRC,Water system 1178 – Source,138574835,source
CCP_138574835_DST,Water system 1178 – Distribution point,138574835,distribution
CCP_138574836_SRC,Water system 1179 – Source,138574836,source
CCP_138574836_DST,Water system 1179 – Distribution point,138574836,distribution
CCP_138574837_SRC,Water system 1180 – Source,138574837,source
CCP_138574837_DST,Water system 1180 – Distribution point,138574837,distribution
CCP_138574838_SRC,Water system 1181 – Source,138574838,source
CCP_138574838_DST,Water system 1181 – Distribution point,138574838,distribution
CCP_138574839_SRC,Water system 1182 – Source,138574839,source
CCP_138574839_DST,Water system 1182 – Distribution point,138574839,distribution
CCP_138574840_SRC,Water system 1183 – Source,138574840,source
CCP_138574840_DST,Water system 1183 – Distribution point,138574840,distribution
CCP_138574841_SRC,Water system 1184 – Source,138574841,source
CCP_138574841_DST,Water system 1184 – Distribution point,138574841,distribution
CCP_138574842_SRC,Water system 1185 – Source,138574842,source
CCP_138574842_DST,Water system 1185 – Distribution point,138574842,distribution
CCP_138574843_SRC,Water system 1186 – Source,138574843,source
CCP_138574843_DST,Water system 1186 – Distribution point,138574843,distribution
CCP_138574844_SRC,Water system 1187 – Source,138574844,source
CCP_138574844_DST,Water system 1187 – Distribution point,138574844,distribution
CCP_138574845_SRC,Water system 1188 – Source,138574845,source
CCP_138574845_DST,Water system 1188 – Distribution point,138574845,distribution
CCP_138574846_SRC,Water system 1189 – Source,138574846,source
CCP_138574846_DST,Water system 1189 – Distribution point,138574846,distribution
CCP_138574847_SRC,Water system 1190 – Source,138574847,source
CCP_138574847_DST,Water system 1190 – Distribution point,138574847,distribution
CCP_138574848_SRC,Water system 1191 – Source,138574848,source
CCP_138574848_DST,Water system 1191 – Distribution point,138574848,distribution
CCP_138574849_SRC,Water system 1192 – Source,138574849,source
CCP_138574849_DST,Water system 1192 – Distribution point,138574849,distribution
CCP_138574850_SRC,Water system 1193 – Source,138574850,source
CCP_138574850_DST,Water system 1193 – Distribution point,138574850,distribution
CCP_138574851_SRC,Water system 1194 – Source,138574851,source
CCP_138574851_DST,Water system 1194 – Distribution point,138574851,distribution
CCP_138574852_SRC,Water system 1195 – Source,138574852,source
CCP_138574852_DST,Water system 1195 – Distribution point,138574852,distribution
CCP_138574853_SRC,Water system 1196 – Source,138574853,source
CCP_138574853_DST,Water system 1196 – Distribution point,138574853,distribution
CCP_138574854_SRC,Water system 1197 – Source,138574854,source
CCP_138574854_DST,Water system 1197 – Distribution point,138574854,distribution
CCP_138574855_SRC,Water system 1198 – Source,138574855,source
CCP_138574855_DST,Water system 1198 – Distribution point,138574855,distribution
CCP_138574856_SRC,Water system 1199 – Source,138574856,source
CCP_138574856_DST,Water system 1199 – Distribution point,138574856,distribution
CCP_138574857_SRC,Water system 1200 – Source,138574857,source
CCP_138574857_DST,Water system 1200 – Distribution point,138574857,distribution
CCP_138574858_SRC,Water system 1201 – Source,138574858,source
CCP_138574858_DST,Water system 1201 – Distribution point,138574858,distribution
CCP_138574859_SRC,Water system 1202 – Source,138574859,source
CCP_138574859_DST,Water system 1202 – Distribution point,138574859,distribution
CCP_138574860_SRC,Water system 1203 – Source,138574860,source
CCP_138574860_DST,Water system 1203 – Distribution point,138574860,distribution
CCP_138574861_SRC,Water system 1204 – Source,138574861,source
CCP_138574861_DST,Water system 1204 – Distribution point,138574861,distribution
CCP_138574862_SRC,Water system 1205 – Source,138574862,source
CCP_138574862_DST,Water system 1205 – Distribution point,138574862,distribution
CCP_138574863_SRC,Water system 1206 – Source,138574863,source
CCP_138574863_DST,Water system 1206 – Distribution point,138574863,distribution
CCP_138574864_SRC,Water system 1207 – Source,138574864,source
CCP_138574864_DST,Water system 1207 – Distribution point,138574864,distribution
CCP_138574865_SRC,Water system 1208 – Source,138574865,source
CCP_138574865_DST,Water system 1208 – Distribution point,138574865,distribution
CCP_138574866_SRC,Water system 1209 – Source,138574866,source
CCP_138574866_DST,Water system 1209 – Distribution point,138574866,distribution
CCP_138574867_SRC,Water system 1210 – Source,138574867,source
CCP_138574867_DST,Water system 1210 – Distribution point,138574867,distribution
CCP_138574868_SRC,Water system 1211 – Source,138574868,source
CCP_138574868_DST,Water system 1211 – Distribution point,138574868,distribution
CCP_138574869_SRC,Water system 1212 – Source,138574869,source
CCP_138574869_DST,Water system 1212 – Distribution point,138574869,distribution
CCP_138574870_SRC,Water system 1213 – Source,138574870,source
CCP_138574870_DST,Water system 1213 – Distribution point,138574870,distribution
CCP_138574871_SRC,Water system 1214 – Source,138574871,source
CCP_138574871_DST,Water system 1214 – Distribution point,138574871,distribution
CCP_138574872_SRC,Water system 1215 – Source,138574872,source
CCP_138574872_DST,Water system 1215 – Distribution point,138574872,distribution
CCP_138574873_SRC,Water system 1216 – Source,138574873,source
CCP_138574873_DST,Water system 1216 – Distribution point,138574873,distribution
CCP_138574874_SRC,Water system 1217 – Source,138574874,source
CCP_138574874_DST,Water system 1217 – Distribution point,138574874,distribution
CCP_138574875_SRC,Water system 1218 – Source,138574875,source
CCP_138574875_DST,Water system 1218 – Distribution point,138574875,distribution
CCP_138574876_SRC,Water system 1219 – Source,138574876,source
CCP_138574876_DST,Water system 1219 – Distribution point,138574876,distribution
CCP_138574877_SRC,Water system 1220 – Source,138574877,source
CCP_138574877_DST,Water system 1220 – Distribution point,138574877,distribution
CCP_138574878_SRC,Water system 1221 – Source,138574878,source
CCP_138574878_DST,Water system 1221 – Distribution point,138574878,distribution
CCP_138574879_SRC,Water system 1222 – Source,138574879,source
CCP_138574879_DST,Water system 1222 – Distribution point,138574879,distribution
CCP_138574880_SRC,Water system 1223 – Source,138574880,source
CCP_138574880_DST,Water system 1223 – Distribution point,138574880,distribution
CCP_138574881_SRC,Water system 1224 – Source,138574881,source
CCP_138574881_DST,Water system 1224 – Distribution point,138574881,distribution
CCP_138574882_SRC,Water system 1225 – Source,138574882,source
CCP_138574882_DST,Water system 1225 – Distribution point,138574882,distribution
CCP_138574883_SRC,Water system 1226 – Source,138574883,source
CCP_138574883_DST,Water system 1226 – Distribution point,138574883,distribution
CCP_138574884_SRC,Water system 1227 – Source,138574884,source
CCP_138574884_DST,Water system 1227 – Distribution point,138574884,distribution
CCP_138574885_SRC,Water system 1228 – Source,138574885,source
CCP_138574885_DST,Water system 1228 – Distribution point,138574885,distribution
CCP_138574886_SRC,Water system 1229 – Source,138574886,source
CCP_138574886_DST,Water system 1229 – Distribution point,138574886,distribution
CCP_138574887_SRC,Water system 1230 – Source,138574887,source
CCP_138574887_DST,Water system 1230 – Distribution point,138574887,distribution
CCP_138574888_SRC,Water system 1231 – Source,138574888,source
CCP_138574888_DST,Water system 1231 – Distribution point,138574888,distribution
CCP_138574889_SRC,Water system 1232 – Source,138574889,source
CCP_138574889_DST,Water system 1232 – Distribution point,138574889,distribution
CCP_138574890_SRC,Water system 1233 – Source,138574890,source
CCP_138574890_DST,Water system 1233 – Distribution point,138574890,distribution
CCP_138574891_SRC,Water system 1234 – Source,138574891,source
CCP_138574891_DST,Water system 1234 – Distribution point,138574891,distribution
CCP_138574892_SRC,Water system 1235 – Source,138574892,source
CCP_138574892_DST,Water system 1235 – Distribution point,138574892,distribution
CCP_138574893_SRC,Water system 1236 – Source,138574893,source
CCP_138574893_DST,Water system 1236 – Distribution point,138574893,distribution
CCP_138574894_SRC,Water system 1237 – Source,138574894,source
CCP_138574894_DST,Water system 1237 – Distribution point,138574894,distribution
CCP_138574895_SRC,Water system 1238 – Source,138574895,source
CCP_138574895_DST,Water system 1238 – Distribution point,138574895,distribution
CCP_138574896_SRC,Water system 1239 – Source,138574896,source
CCP_138574896_DST,Water system 1239 – Distribution point,138574896,distribution
CCP_138574897_SRC,Water system 1240 – Source,138574897,source
CCP_138574897_DST,Water system 1240 – Distribution point,138574897,distribution
CCP_138574898_SRC,Water system 1241 – Source,138574898,source
CCP_138574898_DST,Water system 1241 – Distribution point,138574898,distribution
CCP_138574899_SRC,Water system 1242 – Source,138574899,source
CCP_138574899_DST,Water system 1242 – Distribution point,138574899,distribution
CCP_138574900_SRC,Water system 1243 – Source,138574900,source
CCP_138574900_DST,Water system 1243 – Distribution point,138574900,distribution
CCP_138574901_SRC,Water system 1244 – Source,138574901,source
CCP_138574901_DST,Water system 1244 – Distribution point,138574901,distribution
CCP_138574902_SRC,Water system 1245 – Source,138574902,source
CCP_138574902_DST,Water system 1245 – Distribution point,138574902,distribution
CCP_138574903_SRC,Water system 1246 – Source,138574903,source
CCP_138574903_DST,Water system 1246 – Distribution point,138574903,distribution
CCP_138574904_SRC,Water system 1247 – Source,138574904,source
CCP_138574904_DST,Water system 1247 – Distribution point,138574904,distribution
CCP_138574905_SRC,Water system 1248 – Source,138574905,source
CCP_138574905_DST,Water system 1248 – Distribution point,138574905,distribution
CCP_138574906_SRC,Water system 1249 – Source,138574906,source
CCP_138574906_DST,Water system 1249 – Distribution point,138574906,distribution
CCP_138574907_SRC,Water system 1250 – Source,138574907,source
CCP_138574907_DST,Water system 1250 – Distribution point,138574907,distribution
CCP_138574908_SRC,Water system 1251 – Source,138574908,source
CCP_138574908_DST,Water system 1251 – Distribution point,138574908,distribution
CCP_138574909_SRC,Water system 1252 – Source,138574909,source
CCP_138574909_DST,Water system 1252 – Distribution point,138574909,distribution
CCP_138574910_SRC,Water system 1253 – Source,138574910,source
CCP_138574910_DST,Water system 1253 – Distribution point,138574910,distribution
CCP_138574911_SRC,Water system 1254 – Source,138574911,source
CCP_138574911_DST,Water system 1254 – Distribution point,138574911,distribution
CCP_138574912_SRC,Water system 1255 – Source,138574912,source
CCP_138574912_DST,Water system 1255 – Distribution point,138574912,distribution
CCP_138574913_SRC,Water system 1256 – Source,138574913,source
CCP_138574913_DST,Water system 1256 – Distribution point,138574913,distribution
CCP_138574914_SRC,Water system 1257 – Source,138574914,source
CCP_138574914_DST,Water system 1257 – Distribution point,138574914,distribution
CCP_138574915_SRC,Water system 1258 – Source,138574915,source
CCP_138574915_DST,Water system 1258 – Distribution point,138574915,distribution
CCP_138574916_SRC,Water system 1259 – Source,138574916,source
CCP_138574916_DST,Water system 1259 – Distribution point,138574916,distribution
CCP_138574917_SRC,Water system 1260 – Source,138574917,source
CCP_138574917_DST,Water system 1260 – Distribution point,138574917,distribution
CCP_138574918_SRC,Water system 1261 – Source,138574918,source
CCP_138574918_DST,Water system 1261 – Distribution point,138574918,distribution
CCP_138574919_SRC,Water system 1262 – Source,138574919,source
CCP_138574919_DST,Water system 1262 – Distribution point,138574919,distribution
CCP_138574920_SRC,Water system 1263 – Source,138574920,source
CCP_138574920_DST,Water system 1263 – Distribution point,138574920,distribution
CCP_138574921_SRC,Water system 1264 – Source,138574921,source
CCP_138574921_DST,Water system 1264 – Distribution point,138574921,distribution
CCP_138574922_SRC,Water system 1265 – Source,138574922,source
CCP_138574922_DST,Water system 1265 – Distribution point,138574922,distribution
CCP_138574923_SRC,Water system 1266 – Source,138574923,source
CCP_138574923_DST,Water system 1266 – Distribution point,138574923,distribution
CCP_138574924_SRC,Water system 1267 – Source,138574924,source
CCP_138574924_DST,Water system 1267 – Distribution point,138574924,distribution
CCP_138574925_SRC,Water system 1268 – Source,138574925,source
CCP_138574925_DST,Water system 1268 – Distribution point,138574925,distribution
CCP_138574926_SRC,Water system 1269 – Source,138574926,source
CCP_138574926_DST,Water system 1269 – Distribution point,138574926,distribution
CCP_138574927_SRC,Water system 1270 – Source,138574927,source
CCP_138574927_DST,Water system 1270 – Distribution point,138574927,distribution
CCP_138574928_SRC,Water system 1271 – Source,138574928,source
CCP_138574928_DST,Water system 1271 – Distribution point,138574928,distribution
CCP_138574929_SRC,Water system 1272 – Source,138574929,source
CCP_138574929_DST,Water system 1272 – Distribution point,138574929,distribution
CCP_138574930_SRC,Water system 1273 – Source,138574930,source
CCP_138574930_DST,Water system 1273 – Distribution point,138574930,distribution
CCP_138574931_SRC,Water system 1274 – Source,138574931,source
CCP_138574931_DST,Water system 1274 – Distribution point,138574931,distribution
CCP_138574932_SRC,Water system 1275 – Source,138574932,source
CCP_138574932_DST,Water system 1275 – Distribution point,138574932,distribution
CCP_138574933_SRC,Water system 1276 – Source,138574933,source
CCP_138574933_DST,Water system 1276 – Distribution point,138574933,distribution
CCP_138574934_SRC,Water system 1277 – Source,138574934,source
CCP_138574934_DST,Water system 1277 – Distribution point,138574934,distribution
CCP_138574935_SRC,Water system 1278 – Source,138574935,source
CCP_138574935_DST,Water system 1278 – Distribution point,138574935,distribution
CCP_138574936_SRC,Water system 1279 – Source,138574936,source
CCP_138574936_DST,Water system 1279 – Distribution point,138574936,distribution
CCP_138574937_SRC,Water system 1280 – Source,138574937,source
CCP_138574937_DST,Water system 1280 – Distribution point,138574937,distribution
CCP_138574938_SRC,Water system 1281 – Source,138574938,source
CCP_138574938_DST,Water system 1281 – Distribution point,138574938,distribution
CCP_138574939_SRC,Water system 1282 – Source,138574939,source
CCP_138574939_DST,Water system 1282 – Distribution point,138574939,distribution
CCP_138574940_SRC,Water system 1283 – Source,138574940,source
CCP_138574940_DST,Water system 1283 – Distribution point,138574940,distribution
CCP_138574941_SRC,Water system 1284 – Source,138574941,source
CCP_138574941_DST,Water system 1284 – Distribution point,138574941,distribution
CCP_138574942_SRC,Water system 1285 – Source,138574942,source
CCP_138574942_DST,Water system 1285 – Distribution point,138574942,distribution
CCP_138574943_SRC,Water system 1286 – Source,138574943,source
CCP_138574943_DST,Water system 1286 – Distribution point,138574943,distribution
CCP_138574944_SRC,Water system 1287 – Source,138574944,source
CCP_138574944_DST,Water system 1287 – Distribution point,138574944,distribution
CCP_138574945_SRC,Water system 1288 – Source,138574945,source
CCP_138574945_DST,Water system 1288 – Distribution point,138574945,distribution
CCP_138574946_SRC,Water system 1289 – Source,138574946,source
CCP_138574946_DST,Water system 1289 – Distribution point,138574946,distribution
CCP_138574947_SRC,Water system 1290 – Source,138574947,source
CCP_138574947_DST,Water system 1290 – Distribution point,138574947,distribution
CCP_138574948_SRC,Water system 1291 – Source,138574948,source
CCP_138574948_DST,Water system 1291 – Distribution point,138574948,distribution
CCP_138574949_SRC,Water system 1292 – Source,138574949,source
CCP_138574949_DST,Water system 1292 – Distribution point,138574949,distribution
CCP_138574950_SRC,Water system 1293 – Source,138574950,source
CCP_138574950_DST,Water system 1293 – Distribution point,138574950,distribution
CCP_138574951_SRC,Water system 1294 – Source,138574951,source
CCP_138574951_DST,Water system 1294 – Distribution point,138574951,distribution
CCP_138574952_SRC,Water system 1295 – Source,138574952,source
CCP_138574952_DST,Water system 1295 – Distribution point,138574952,distribution
CCP_138574953_SRC,Water system 1296 – Source,138574953,source
CCP_138574953_DST,Water system 1296 – Distribution point,138574953,distribution
CCP_138574954_SRC,Water system 1297 – Source,138574954,source
CCP_138574954_DST,Water system 1297 – Distribution point,138574954,distribution
CCP_138574955_SRC,Water system 1298 – Source,138574955,source
CCP_138574955_DST,Water system 1298 – Distribution point,138574955,distribution
CCP_138574956_SRC,Water system 1299 – Source,138574956,source
CCP_138574956_DST,Water system 1299 – Distribution point,138574956,distribution
CCP_138574957_SRC,Water system 1300 – Source,138574957,source
CCP_138574957_DST,Water system 1300 – Distribution point,138574957,distribution
CCP_138574958_SRC,Water system 1301 – Source,138574958,source
CCP_138574958_DST,Water system 1301 – Distribution point,138574958,distribution
CCP_138574959_SRC,Water system 1302 – Source,138574959,source
CCP_138574959_DST,Water system 1302 – Distribution point,138574959,distribution
CCP_138574960_SRC,Water system 1303 – Source,138574960,source
CCP_138574960_DST,Water system 1303 – Distribution point,138574960,distribution
CCP_138574961_SRC,Water system 1304 – Source,138574961,source
CCP_138574961_DST,Water system 1304 – Distribution point,138574961,distribution
CCP_138574962_SRC,Water system 1305 – Source,138574962,source
CCP_138574962_DST,Water system 1305 – Distribution point,138574962,distribution
CCP_138574963_SRC,Water system 1306 – Source,138574963,source
CCP_138574963_DST,Water system 1306 – Distribution point,138574963,distribution
CCP_138574964_SRC,Water system 1307 – Source,138574964,source
CCP_138574964_DST,Water system 1307 – Distribution point,138574964,distribution
CCP_138574965_SRC,Water system 1308 – Source,138574965,source
CCP_138574965_DST,Water system 1308 – Distribution point,138574965,distribution
CCP_138574966_SRC,Water system 1309 – Source,138574966,source
CCP_138574966_DST,Water system 1309 – Distribution point,138574966,distribution
CCP_138574967_SRC,Water system 1310 – Source,138574967,source
CCP_138574967_DST,Water system 1310 – Distribution point,138574967,distribution
CCP_138574968_SRC,Water system 1311 – Source,138574968,source
CCP_138574968_DST,Water system 1311 – Distribution point,138574968,distribution
CCP_138574969_SRC,Water system 1312 – Source,138574969,source
CCP_138574969_DST,Water system 1312 – Distribution point,138574969,distribution
CCP_138574970_SRC,Water system 1313 – Source,138574970,source
CCP_138574970_DST,Water system 1313 – Distribution point,138574970,distribution
CCP_138574971_SRC,Water system 1314 – Source,138574971,source
CCP_138574971_DST,Water system 1314 – Distribution point,138574971,distribution
CCP_138574972_SRC,Water system 1315 – Source,138574972,source
CCP_138574972_DST,Water system 1315 – Distribution point,138574972,distribution
CCP_138574973_SRC,Water system 1316 – Source,138574973,source
CCP_138574973_DST,Water system 1316 – Distribution point,138574973,distribution
CCP_138574974_SRC,Water system 1317 – Source,138574974,source
CCP_138574974_DST,Water system 1317 – Distribution point,138574974,distribution
CCP_138574975_SRC,Water system 1318 – Source,138574975,source
CCP_138574975_DST,Water system 1318 – Distribution point,138574975,distribution
CCP_138574976_SRC,Water system 1319 – Source,138574976,source
CCP_138574976_DST,Water system 1319 – Distribution point,138574976,distribution
CCP_138574977_SRC,Water system 1320 – Source,138574977,source
CCP_138574977_DST,Water system 1320 – Distribution point,138574977,distribution
CCP_138574978_SRC,Water system 1321 – Source,138574978,source
CCP_138574978_DST,Water system 1321 – Distribution point,138574978,distribution
CCP_138574979_SRC,Water system 1322 – Source,138574979,source
CCP_138574979_DST,Water system 1322 – Distribution point,138574979,distribution
CCP_138574980_SRC,Water system 1323 – Source,138574980,source
CCP_138574980_DST,Water system 1323 – Distribution point,138574980,distribution
CCP_138574981_SRC,Water system 1324 – Source,138574981,source
CCP_138574981_DST,Water system 1324 – Distribution point,138574981,distribution
CCP_138574982_SRC,Water system 1325 – Source,138574982,source
CCP_138574982_DST,Water system 1325 – Distribution point,138574982,distribution
CCP_138574983_SRC,Water system 1326 – Source,138574983,source
CCP_138574983_DST,Water system 1326 – Distribution point,138574983,distribution
CCP_138574984_SRC,Water system 1327 – Source,138574984,source
CCP_138574984_DST,Water system 1327 – Distribution point,138574984,distribution
CCP_138574985_SRC,Water system 1328 – Source,138574985,source
CCP_138574985_DST,Water system 1328 – Distribution point,138574985,distribution
CCP_138574986_SRC,Water system 1329 – Source,138574986,source
CCP_138574986_DST,Water system 1329 – Distribution point,138574986,distribution
CCP_138574987_SRC,Water system 1330 – Source,138574987,source
CCP_138574987_DST,Water system 1330 – Distribution point,138574987,distribution
CCP_138574988_SRC,Water system 1331 – Source,138574988,source
CCP_138574988_DST,Water system 1331 – Distribution point,138574988,distribution
CCP_138574989_SRC,Water system 1332 – Source,138574989,source
CCP_138574989_DST,Water system 1332 – Distribution point,138574989,distribution
CCP_138574990_SRC,Water system 1333 – Source,138574990,source
CCP_138574990_DST,Water system 1333 – Distribution point,138574990,distribution
CCP_138574991_SRC,Water system 1334 – Source,138574991,source
CCP_138574991_DST,Water system 1334 – Distribution point,138574991,distribution
CCP_138574992_SRC,Water system 1335 – Source,138574992,source
CCP_138574992_DST,Water system 1335 – Distribution point,138574992,distribution
CCP_138574993_SRC,Water system 1336 – Source,138574993,source
CCP_138574993_DST,Water system 1336 – Distribution point,138574993,distribution
CCP_138574994_SRC,Water system 1337 – Source,138574994,source
CCP_138574994_DST,Water system 1337 – Distribution point,138574994,distribution
CCP_138574995_SRC,Water system 1338 – Source,138574995,source
CCP_138574995_DST,Water system 1338 – Distribution point,138574995,distribution
CCP_138574996_SRC,Water system 1339 – Source,138574996,source
CCP_138574996_DST,Water system 1339 – Distribution point,138574996,distribution
CCP_138574997_SRC,Water system 1340 – Source,138574997,source
CCP_138574997_DST,Water system 1340 – Distribution point,138574997,distribution
CCP_138574998_SRC,Water system 1341 – Source,138574998,source
CCP_138574998_DST,Water system 1341 – Distribution point,138574998,distribution
CCP_138574999_SRC,Water system 1342 – Source,138574999,source
CCP_138574999_DST,Water system 1342 – Distribution point,138574999,distribution
CCP_138575000_SRC,Water system 1343 – Source,138575000,source
CCP_138575000_DST,Water system 1343 – Distribution point,138575000,distribution
CCP_138575001_SRC,Water system 1344 – Source,138575001,source
CCP_138575001_DST,Water system 1344 – Distribution point,138575001,distribution
CCP_138575002_SRC,Water system 1345 – Source,138575002,source
CCP_138575002_DST,Water system 1345 – Distribution point,138575002,distribution
CCP_138575003_SRC,Water system 1346 – Source,138575003,source
CCP_138575003_DST,Water system 1346 – Distribution point,138575003,distribution
CCP_138575004_SRC,Water system 1347 – Source,138575004,source
CCP_138575004_DST,Water system 1347 – Distribution point,138575004,distribution
CCP_138575005_SRC,Water system 1348 – Source,138575005,source
CCP_138575005_DST,Water system 1348 – Distribution point,138575005,distribution
CCP_138575006_SRC,Water system 1349 – Source,138575006,source
CCP_138575006_DST,Water system 1349 – Distribution point,138575006,distribution
CCP_138575007_SRC,Water system 1350 – Source,138575007,source
CCP_138575007_DST,Water system 1350 – Distribution point,138575007,distribution
CCP_138575008_SRC,Water system 1351 – Source,138575008,source
CCP_138575008_DST,Water system 1351 – Distribution point,138575008,distribution
CCP_138575009_SRC,Water system 1352 – Source,138575009,source
CCP_138575009_DST,Water system 1352 – Distribution point,138575009,distribution
CCP_138575010_SRC,Water system 1353 – Source,138575010,source
CCP_138575010_DST,Water system 1353 – Distribution point,138575010,distribution
CCP_138575011_SRC,Water system 1354 – Source,138575011,source
CCP_138575011_DST,Water system 1354 – Distribution point,138575011,distribution
CCP_138575012_SRC,Water system 1355 – Source,138575012,source
CCP_138575012_DST,Water system 1355 – Distribution point,138575012,distribution
CCP_138575013_SRC,Water system 1356 – Source,138575013,source
CCP_138575013_DST,Water system 1356 – Distribution point,138575013,distribution
CCP_138575014_SRC,Water system 1357 – Source,138575014,source
CCP_138575014_DST,Water system 1357 – Distribution point,138575014,distribution
CCP_138575015_SRC,Water system 1358 – Source,138575015,source
CCP_138575015_DST,Water system 1358 – Distribution point,138575015,distribution
CCP_138575016_SRC,Water system 1359 – Source,138575016,source
CCP_138575016_DST,Water system 1359 – Distribution point,138575016,distribution
CCP_138575017_SRC,Water system 1360 – Source,138575017,source
CCP_138575017_DST,Water system 1360 – Distribution point,138575017,distribution
CCP_138575018_SRC,Water system 1361 – Source,138575018,source
CCP_138575018_DST,Water system 1361 – Distribution point,138575018,distribution
CCP_138575019_SRC,Water system 1362 – Source,138575019,source
CCP_138575019_DST,Water system 1362 – Distribution point,138575019,distribution
CCP_138575020_SRC,Water system 1363 – Source,138575020,source
CCP_138575020_DST,Water system 1363 – Distribution point,138575020,distribution
CCP_138575021_SRC,Water system 1364 – Source,138575021,source
CCP_138575021_DST,Water system 1364 – Distribution point,138575021,distribution
CCP_138575022_SRC,Water system 1365 – Source,138575022,source
CCP_138575022_DST,Water system 1365 – Distribution point,138575022,distribution
CCP_138575023_SRC,Water system 1366 – Source,138575023,source
CCP_138575023_DST,Water system 1366 – Distribution point,138575023,distribution
CCP_138575024_SRC,Water system 1367 – Source,138575024,source
CCP_138575024_DST,Water system 1367 – Distribution point,138575024,distribution
CCP_138575025_SRC,Water system 1368 – Source,138575025,source
CCP_138575025_DST,Water system 1368 – Distribution point,138575025,distribution
CCP_138575026_SRC,Water system 1369 – Source,138575026,source
CCP_138575026_DST,Water system 1369 – Distribution point,138575026,distribution
CCP_138575027_SRC,Water system 1370 – Source,138575027,source
CCP_138575027_DST,Water system 1370 – Distribution point,138575027,distribution
CCP_138575028_SRC,Water system 1371 – Source,138575028,source
CCP_138575028_DST,Water system 1371 – Distribution point,138575028,distribution
CCP_138575029_SRC,Water system 1372 – Source,138575029,source
CCP_138575029_DST,Water system 1372 – Distribution point,138575029,distribution
CCP_138575030_SRC,Water system 1373 – Source,138575030,source
CCP_138575030_DST,Water system 1373 – Distribution point,138575030,distribution
CCP_138575031_SRC,Water system 1374 – Source,138575031,source
CCP_138575031_DST,Water system 1374 – Distribution point,138575031,distribution
CCP_138575032_SRC,Water system 1375 – Source,138575032,source
CCP_138575032_DST,Water system 1375 – Distribution point,138575032,distribution
CCP_138575033_SRC,Water system 1376 – Source,138575033,source
CCP_138575033_DST,Water system 1376 – Distribution point,138575033,distribution
CCP_138575034_SRC,Water system 1377 – Source,138575034,source
CCP_138575034_DST,Water system 1377 – Distribution point,138575034,distribution
CCP_138575035_SRC,Water system 1378 – Source,138575035,source
CCP_138575035_DST,Water system 1378 – Distribution point,138575035,distribution
CCP_138575036_SRC,Water system 1379 – Source,138575036,source
CCP_138575036_DST,Water system 1379 – Distribution point,138575036,distribution
CCP_138575037_SRC,Water system 1380 – Source,138575037,source
CCP_138575037_DST,Water system 1380 – Distribution point,138575037,distribution
CCP_138575038_SRC,Water system 1381 – Source,138575038,source
CCP_138575038_DST,Water system 1381 – Distribution point,138575038,distribution
CCP_138575039_SRC,Water system 1382 – Source,138575039,source
CCP_138575039_DST,Water system 1382 – Distribution point,138575039,distribution
CCP_138575040_SRC,Water system 1383 – Source,138575040,source
CCP_138575040_DST,Water system 1383 – Distribution point,138575040,distribution
CCP_138575041_SRC,Water system 1384 – Source,138575041,source
CCP_138575041_DST,Water system 1384 – Distribution point,138575041,distribution
CCP_138575042_SRC,Water system 1385 – Source,138575042,source
CCP_138575042_DST,Water system 1385 – Distribution point,138575042,distribution
CCP_138575043_SRC,Water system 1386 – Source,138575043,source
CCP_138575043_DST,Water system 1386 – Distribution point,138575043,distribution
CCP_138575044_SRC,Water system 1387 – Source,138575044,source
CCP_138575044_DST,Water system 1387 – Distribution point,138575044,distribution
CCP_138575045_SRC,Water system 1388 – Source,138575045,source
CCP_138575045_DST,Water system 1388 – Distribution point,138575045,distribution
CCP_138575046_SRC,Water system 1389 – Source,138575046,source
CCP_138575046_DST,Water system 1389 – Distribution point,138575046,distribution
CCP_138575047_SRC,Water system 1390 – Source,138575047,source
CCP_138575047_DST,Water system 1390 – Distribution point,138575047,distribution
CCP_138575048_SRC,Water system 1391 – Source,138575048,source
CCP_138575048_DST,Water system 1391 – Distribution point,138575048,distribution
CCP_138575049_SRC,Water system 1392 – Source,138575049,source
CCP_138575049_DST,Water system 1392 – Distribution point,138575049,distribution
CCP_138575050_SRC,Water system 1393 – Source,138575050,source
CCP_138575050_DST,Water system 1393 – Distribution point,138575050,distribution
CCP_138575051_SRC,Water system 1394 – Source,138575051,source
CCP_138575051_DST,Water system 1394 – Distribution point,138575051,distribution
CCP_138575052_SRC,Water system 1395 – Source,138575052,source
CCP_138575052_DST,Water system 1395 – Distribution point,138575052,distribution
CCP_138575053_SRC,Water system 1396 – Source,138575053,source
CCP_138575053_DST,Water system 1396 – Distribution point,138575053,distribution
CCP_138575054_SRC,Water system 1397 – Source,138575054,source
CCP_138575054_DST,Water system 1397 – Distribution point,138575054,distribution
CCP_138575055_SRC,Water system 1398 – Source,138575055,source
CCP_138575055_DST,Water system 1398 – Distribution point,138575055,distribution
CCP_138575056_SRC,Water system 1399 – Source,138575056,source
CCP_138575056_DST,Water system 1399 – Distribution point,138575056,distribution
CCP_138575057_SRC,Water system 1400 – Source,138575057,source
CCP_138575057_DST,Water system 1400 – Distribution point,138575057,distribution
CCP_138575058_SRC,Water system 1401 – Source,138575058,source
CCP_138575058_DST,Water system 1401 – Distribution point,138575058,distribution
CCP_138575059_SRC,Water system 1402 – Source,138575059,source
CCP_138575059_DST,Water system 1402 – Distribution point,138575059,distribution
CCP_138575060_SRC,Water system 1403 – Source,138575060,source
CCP_138575060_DST,Water system 1403 – Distribution point,138575060,distribution
CCP_138575061_SRC,Water system 1404 – Source,138575061,source
CCP_138575061_DST,Water system 1404 – Distribution point,138575061,distribution
CCP_138575062_SRC,Water system 1405 – Source,138575062,source
CCP_138575062_DST,Water system 1405 – Distribution point,138575062,distribution
CCP_138575063_SRC,Water system 1406 – Source,138575063,source
CCP_138575063_DST,Water system 1406 – Distribution point,138575063,distribution
CCP_138575064_SRC,Water system 1407 – Source,138575064,source
CCP_138575064_DST,Water system 1407 – Distribution point,138575064,distribution
CCP_138575065_SRC,Water system 1408 – Source,138575065,source
CCP_138575065_DST,Water system 1408 – Distribution point,138575065,distribution
CCP_138575066_SRC,Water system 1409 – Source,138575066,source
CCP_138575066_DST,Water system 1409 – Distribution point,138575066,distribution
CCP_138575067_SRC,Water system 1410 – Source,138575067,source
CCP_138575067_DST,Water system 1410 – Distribution point,138575067,distribution
CCP_138575068_SRC,Water system 1411 – Source,138575068,source
CCP_138575068_DST,Water system 1411 – Distribution point,138575068,distribution
CCP_138575069_SRC,Water system 1412 – Source,138575069,source
CCP_138575069_DST,Water system 1412 – Distribution point,138575069,distribution
CCP_138575070_SRC,Water system 1413 – Source,138575070,source
CCP_138575070_DST,Water system 1413 – Distribution point,138575070,distribution
CCP_138575071_SRC,Water system 1414 – Source,138575071,source
CCP_138575071_DST,Water system 1414 – Distribution point,138575071,distribution
CCP_138575072_SRC,Water system 1415 – Source,138575072,source
CCP_138575072_DST,Water system 1415 – Distribution point,138575072,distribution
CCP_138575073_SRC,Water system 1416 – Source,138575073,source
CCP_138575073_DST,Water system 1416 – Distribution point,138575073,distribution
CCP_138575074_SRC,Water system 1417 – Source,138575074,source
CCP_138575074_DST,Water system 1417 – Distribution point,138575074,distribution
CCP_138575075_SRC,Water system 1418 – Source,138575075,source
CCP_138575075_DST,Water system 1418 – Distribution point,138575075,distribution
CCP_138575076_SRC,Water system 1419 – Source,138575076,source
CCP_138575076_DST,Water system 1419 – Distribution point,138575076,distribution
CCP_138575077_SRC,Water system 1420 – Source,138575077,source
CCP_138575077_DST,Water system 1420 – Distribution point,138575077,distribution
CCP_138575078_SRC,Water system 1421 – Source,138575078,source
CCP_138575078_DST,Water system 1421 – Distribution point,138575078,distribution
CCP_138575079_SRC,Water system 1422 – Source,138575079,source
CCP_138575079_DST,Water system 1422 – Distribution point,138575079,distribution
CCP_138575080_SRC,Water system 1423 – Source,138575080,source
CCP_138575080_DST,Water system 1423 – Distribution point,138575080,distribution
CCP_138575081_SRC,Water system 1424 – Source,138575081,source
CCP_138575081_DST,Water system 1424 – Distribution point,138575081,distribution
CCP_138575082_SRC,Water system 1425 – Source,138575082,source
CCP_138575082_DST,Water system 1425 – Distribution point,138575082,distribution
CCP_138575083_SRC,Water system 1426 – Source,138575083,source
CCP_138575083_DST,Water system 1426 – Distribution point,138575083,distribution
CCP_138575084_SRC,Water system 1427 – Source,138575084,source
CCP_138575084_DST,Water system 1427 – Distribution point,138575084,distribution
CCP_138575085_SRC,Water system 1428 – Source,138575085,source
CCP_138575085_DST,Water system 1428 – Distribution point,138575085,distribution
CCP_138575086_SRC,Water system 1429 – Source,138575086,source
CCP_138575086_DST,Water system 1429 – Distribution point,138575086,distribution
CCP_138575087_SRC,Water system 1430 – Source,138575087,source
CCP_138575087_DST,Water system 1430 – Distribution point,138575087,distribution
CCP_138575088_SRC,Water system 1431 – Source,138575088,source
CCP_138575088_DST,Water system 1431 – Distribution point,138575088,distribution
CCP_138575089_SRC,Water system 1432 – Source,138575089,source
CCP_138575089_DST,Water system 1432 – Distribution point,138575089,distribution
CCP_138575090_SRC,Water system 1433 – Source,138575090,source
CCP_138575090_DST,Water system 1433 – Distribution point,138575090,distribution
CCP_138575091_SRC,Water system 1434 – Source,138575091,source
CCP_138575091_DST,Water system 1434 – Distribution point,138575091,distribution
CCP_138575092_SRC,Water system 1435 – Source,138575092,source
CCP_138575092_DST,Water system 1435 – Distribution point,138575092,distribution
CCP_138575093_SRC,Water system 1436 – Source,138575093,source
CCP_138575093_DST,Water system 1436 – Distribution point,138575093,distribution
CCP_138575094_SRC,Water system 1437 – Source,138575094,source
CCP_138575094_DST,Water system 1437 – Distribution point,138575094,distribution
CCP_138575095_SRC,Water system 1438 – Source,138575095,source
CCP_138575095_DST,Water system 1438 – Distribution point,138575095,distribution
CCP_138575096_SRC,Water system 1439 – Source,138575096,source
CCP_138575096_DST,Water system 1439 – Distribution point,138575096,distribution
CCP_138575097_SRC,Water system 1440 – Source,138575097,source
CCP_138575097_DST,Water system 1440 – Distribution point,138575097,distribution
CCP_138575098_SRC,Water system 1441 – Source,138575098,source
CCP_138575098_DST,Water system 1441 – Distribution point,138575098,distribution
CCP_138575099_SRC,Water system 1442 – Source,138575099,source
CCP_138575099_DST,Water system 1442 – Distribution point,138575099,distribution
CCP_138575100_SRC,Water system 1443 – Source,138575100,source
CCP_138575100_DST,Water system 1443 – Distribution point,138575100,distribution
CCP_138575101_SRC,Water system 1444 – Source,138575101,source
CCP_138575101_DST,Water system 1444 – Distribution point,138575101,distribution
CCP_138575102_SRC,Water system 1445 – Source,138575102,source
CCP_138575102_DST,Water system 1445 – Distribution point,138575102,distribution
CCP_138575103_SRC,Water system 1446 – Source,138575103,source
CCP_138575103_DST,Water system 1446 – Distribution point,138575103,distribution
CCP_138575104_SRC,Water system 1447 – Source,138575104,source
CCP_138575104_DST,Water system 1447 – Distribution point,138575104,distribution
CCP_138575105_SRC,Water system 1448 – Source,138575105,source
CCP_138575105_DST,Water system 1448 – Distribution point,138575105,distribution
CCP_138575106_SRC,Water system 1449 – Source,138575106,source
CCP_138575106_DST,Water system 1449 – Distribution point,138575106,distribution
CCP_138575107_SRC,Water system 1450 – Source,138575107,source
CCP_138575107_DST,Water system 1450 – Distribution point,138575107,distribution
CCP_138575108_SRC,Water system 1451 – Source,138575108,source
CCP_138575108_DST,Water system 1451 – Distribution point,138575108,distribution
CCP_138575109_SRC,Water system 1452 – Source,138575109,source
CCP_138575109_DST,Water system 1452 – Distribution point,138575109,distribution
CCP_138575110_SRC,Water system 1453 – Source,138575110,source
CCP_138575110_DST,Water system 1453 – Distribution point,138575110,distribution
CCP_138575111_SRC,Water system 1454 – Source,138575111,source
CCP_138575111_DST,Water system 1454 – Distribution point,138575111,distribution
CCP_138575112_SRC,Water system 1455 – Source,138575112,source
CCP_138575112_DST,Water system 1455 – Distribution point,138575112,distribution
CCP_138575113_SRC,Water system 1456 – Source,138575113,source
CCP_138575113_DST,Water system 1456 – Distribution point,138575113,distribution
CCP_138575114_SRC,Water system 1457 – Source,138575114,source
CCP_138575114_DST,Water system 1457 – Distribution point,138575114,distribution
CCP_138575115_SRC,Water system 1458 – Source,138575115,source
CCP_138575115_DST,Water system 1458 – Distribution point,138575115,distribution
CCP_138575116_SRC,Water system 1459 – Source,138575116,source
CCP_138575116_DST,Water system 1459 – Distribution point,138575116,distribution
CCP_138575117_SRC,Water system 1460 – Source,138575117,source
CCP_138575117_DST,Water system 1460 – Distribution point,138575117,distribution
CCP_138575118_SRC,Water system 1461 – Source,138575118,source
CCP_138575118_DST,Water system 1461 – Distribution point,138575118,distribution
CCP_138575119_SRC,Water system 1462 – Source,138575119,source
CCP_138575119_DST,Water system 1462 – Distribution point,138575119,distribution
CCP_138575120_SRC,Water system 1463 – Source,138575120,source
CCP_138575120_DST,Water system 1463 – Distribution point,138575120,distribution
CCP_138575121_SRC,Water system 1464 – Source,138575121,source
CCP_138575121_DST,Water system 1464 – Distribution point,138575121,distribution
CCP_138575122_SRC,Water system 1465 – Source,138575122,source
CCP_138575122_DST,Water system 1465 – Distribution point,138575122,distribution
CCP_138575123_SRC,Water system 1466 – Source,138575123,source
CCP_138575123_DST,Water system 1466 – Distribution point,138575123,distribution
CCP_138575124_SRC,Water system 1467 – Source,138575124,source
CCP_138575124_DST,Water system 1467 – Distribution point,138575124,distribution
CCP_138575125_SRC,Water system 1468 – Source,138575125,source
CCP_138575125_DST,Water system 1468 – Distribution point,138575125,distribution
CCP_138575126_SRC,Water system 1469 – Source,138575126,source
CCP_138575126_DST,Water system 1469 – Distribution point,138575126,distribution
CCP_138575127_SRC,Water system 1470 – Source,138575127,source
CCP_138575127_DST,Water system 1470 – Distribution point,138575127,distribution
CCP_138575128_SRC,Water system 1471 – Source,138575128,source
CCP_138575128_DST,Water system 1471 – Distribution point,138575128,distribution
CCP_138575129_SRC,Water system 1472 – Source,138575129,source
CCP_138575129_DST,Water system 1472 – Distribution point,138575129,distribution
CCP_138575130_SRC,Water system 1473 – Source,138575130,source
CCP_138575130_DST,Water system 1473 – Distribution point,138575130,distribution
CCP_138575131_SRC,Water system 1474 – Source,138575131,source
CCP_138575131_DST,Water system 1474 – Distribution point,138575131,distribution
CCP_138575132_SRC,Water system 1475 – Source,138575132,source
CCP_138575132_DST,Water system 1475 – Distribution point,138575132,distribution
CCP_138575133_SRC,Water system 1476 – Source,138575133,source
CCP_138575133_DST,Water system 1476 – Distribution point,138575133,distribution
CCP_138575134_SRC,Water system 1477 – Source,138575134,source
CCP_138575134_DST,Water system 1477 – Distribution point,138575134,distribution
CCP_138575135_SRC,Water system 1478 – Source,138575135,source
CCP_138575135_DST,Water system 1478 – Distribution point,138575135,distribution
CCP_138575136_SRC,Water system 1479 – Source,138575136,source
CCP_138575136_DST,Water system 1479 – Distribution point,138575136,distribution
CCP_138575137_SRC,Water system 1480 – Source,138575137,source
CCP_138575137_DST,Water system 1480 – Distribution point,138575137,distribution
CCP_138575138_SRC,Water system 1481 – Source,138575138,source
CCP_138575138_DST,Water system 1481 – Distribution point,138575138,distribution
CCP_138575139_SRC,Water system 1482 – Source,138575139,source
CCP_138575139_DST,Water system 1482 – Distribution point,138575139,distribution
CCP_138575140_SRC,Water system 1483 – Source,138575140,source
CCP_138575140_DST,Water system 1483 – Distribution point,138575140,distribution
CCP_138575141_SRC,Water system 1484 – Source,138575141,source
CCP_138575141_DST,Water system 1484 – Distribution point,138575141,distribution
CCP_138575142_SRC,Water system 1485 – Source,138575142,source
CCP_138575142_DST,Water system 1485 – Distribution point,138575142,distribution
CCP_138575143_SRC,Water system 1486 – Source,138575143,source
CCP_138575143_DST,Water system 1486 – Distribution point,138575143,distribution
CCP_138575144_SRC,Water system 1487 – Source,138575144,source
CCP_138575144_DST,Water system 1487 – Distribution point,138575144,distribution
CCP_138575145_SRC,Water system 1488 – Source,138575145,source
CCP_138575145_DST,Water system 1488 – Distribution point,138575145,distribution
CCP_138575146_SRC,Water system 1489 – Source,138575146,source
CCP_138575146_DST,Water system 1489 – Distribution point,138575146,distribution
CCP_138575147_SRC,Water system 1490 – Source,138575147,source
CCP_138575147_DST,Water system 1490 – Distribution point,138575147,distribution
CCP_138575148_SRC,Water system 1491 – Source,138575148,source
CCP_138575148_DST,Water system 1491 – Distribution point,138575148,distribution
CCP_138575149_SRC,Water system 1492 – Source,138575149,source
CCP_138575149_DST,Water system 1492 – Distribution point,138575149,distribution
CCP_138575150_SRC,Water system 1493 – Source,138575150,source
CCP_138575150_DST,Water system 1493 – Distribution point,138575150,distribution
CCP_138575151_SRC,Water system 1494 – Source,138575151,source
CCP_138575151_DST,Water system 1494 – Distribution point,138575151,distribution
CCP_138575152_SRC,Water system 1495 – Source,138575152,source
CCP_138575152_DST,Water system 1495 – Distribution point,138575152,distribution
CCP_138575153_SRC,Water system 1496 – Source,138575153,source
CCP_138575153_DST,Water system 1496 – Distribution point,138575153,distribution
CCP_138575154_SRC,Water system 1497 – Source,138575154,source
CCP_138575154_DST,Water system 1497 – Distribution point,138575154,distribution
CCP_138575155_SRC,Water system 1498 – Source,138575155,source
CCP_138575155_DST,Water system 1498 – Distribution point,138575155,distribution
CCP_138575156_SRC,Water system 1499 – Source,138575156,source
CCP_138575156_DST,Water system 1499 – Distribution point,138575156,distribution
CCP_138575157_SRC,Water system 1500 – Source,138575157,source
CCP_138575157_DST,Water system 1500 – Distribution point,138575157,distribution
CCP_138575158_SRC,Water system 1501 – Source,138575158,source
CCP_138575158_DST,Water system 1501 – Distribution point,138575158,distribution
CCP_138575159_SRC,Water system 1502 – Source,138575159,source
CCP_138575159_DST,Water system 1502 – Distribution point,138575159,distribution
CCP_138575160_SRC,Water system 1503 – Source,138575160,source
CCP_138575160_DST,Water system 1503 – Distribution point,138575160,distribution
CCP_138575161_SRC,Water system 1504 – Source,138575161,source
CCP_138575161_DST,Water system 1504 – Distribution point,138575161,distribution
CCP_138575162_SRC,Water system 1505 – Source,138575162,source
CCP_138575162_DST,Water system 1505 – Distribution point,138575162,distribution
CCP_138575163_SRC,Water system 1506 – Source,138575163,source
CCP_138575163_DST,Water system 1506 – Distribution point,138575163,distribution
CCP_138575164_SRC,Water system 1507 – Source,138575164,source
CCP_138575164_DST,Water system 1507 – Distribution point,138575164,distribution
CCP_138575165_SRC,Water system 1508 – Source,138575165,source
CCP_138575165_DST,Water system 1508 – Distribution point,138575165,distribution
CCP_138575166_SRC,Water system 1509 – Source,138575166,source
CCP_138575166_DST,Water system 1509 – Distribution point,138575166,distribution
CCP_138575167_SRC,Water system 1510 – Source,138575167,source
CCP_138575167_DST,Water system 1510 – Distribution point,138575167,distribution
CCP_138575168_SRC,Water system 1511 – Source,138575168,source
CCP_138575168_DST,Water system 1511 – Distribution point,138575168,distribution
CCP_138575169_SRC,Water system 1512 – Source,138575169,source
CCP_138575169_DST,Water system 1512 – Distribution point,138575169,distribution
CCP_138575170_SRC,Water system 1513 – Source,138575170,source
CCP_138575170_DST,Water system 1513 – Distribution point,138575170,distribution
CCP_138575171_SRC,Water system 1514 – Source,138575171,source
CCP_138575171_DST,Water system 1514 – Distribution point,138575171,distribution
CCP_138575172_SRC,Water system 1515 – Source,138575172,source
CCP_138575172_DST,Water system 1515 – Distribution point,138575172,distribution
CCP_138575173_SRC,Water system 1516 – Source,138575173,source
CCP_138575173_DST,Water system 1516 – Distribution point,138575173,distribution
CCP_138575174_SRC,Water system 1517 – Source,138575174,source
CCP_138575174_DST,Water system 1517 – Distribution point,138575174,distribution
CCP_138575175_SRC,Water system 1518 – Source,138575175,source
CCP_138575175_DST,Water system 1518 – Distribution point,138575175,distribution
CCP_138575176_SRC,Water system 1519 – Source,138575176,source
CCP_138575176_DST,Water system 1519 – Distribution point,138575176,distribution
CCP_138575177_SRC,Water system 1520 – Source,138575177,source
CCP_138575177_DST,Water system 1520 – Distribution point,138575177,distribution
CCP_138575178_SRC,Water system 1521 – Source,138575178,source
CCP_138575178_DST,Water system 1521 – Distribution point,138575178,distribution
